sku_item_number,rhl_product_id,product_name,new_rhl_product_name,short_description,size,wholesale_price,manufacturing_type_from_sheet,manufacturing_department_from_sheet,department,category
4017320,200,Adrenal Rx Powder Capsules,Adaptogen Vitality Complex,"Supports stress resilience, relaxation & vitality.",90 vcp,12.7,Capsules- Fresh Ground,FRESH GROUND VEGGIE CAPSULES,,
4021090,200,Adrenal Rx Powder Capsules,Adaptogen Vitality Complex,"Supports stress resilience, relaxation & vitality.",180 vcp,21.4,Capsules- Fresh Ground,FRESH GROUND VEGGIE CAPSULES,,
4017330,201,Aloe Vera Plus Powder Capsules,Aloe Digestive Comfort,Supports digestive comfort & GI wellness.,60 vcp,14.6,Capsules- Fresh Ground,FRESH GROUND VEGGIE CAPSULES,,
4023050,202,Andrographis Powder Capsules,Chuan Xin Lian Andrographis,Supports immune function.,90 vcp,8.4,Capsules- Fresh Ground,FRESH GROUND VEGGIE CAPSULES,,
4023060,203,Apple Cider Vinegar Powder Capsules,Organic Apple Cider Vinegar,Supports digestive wellness & everyday metabolic balance.,90 vcp,8.25,Capsules- Fresh Ground,FRESH GROUND VEGGIE CAPSULES,,
4019710,204,Ashwagandha Powder Capsules,Withanolide Ashwagandha,"Supports stress resilience, relaxation & vitality.",90 vcp,11.0,Capsules- Fresh Ground,FRESH GROUND VEGGIE CAPSULES,,
4023430,204,Ashwagandha Powder Capsules,Withanolide Ashwagandha,"Supports stress resilience, relaxation & vitality.",180 vcp,16.8,Capsules- Fresh Ground,FRESH GROUND VEGGIE CAPSULES,,
4015390,205,Astragalus Powder Capsules,Full Spectrum Astragalus,Supports immune wellness & vitality.,90 vcp,7.3,Capsules- Fresh Ground,FRESH GROUND VEGGIE CAPSULES,,
4019720,206,Bacopa Powder Capsules,Bacoside Bacopa,"Supports memory, focus & cognitive wellness.",90 vcp,9.7,Capsules- Fresh Ground,FRESH GROUND VEGGIE CAPSULES,,
4023570,207,Beet Root COG Powder Capsules,Organic Beet Root,Supports healthy circulation & cardiovascular wellness.,90 vcp,8.7,Capsules- Fresh Ground,FRESH GROUND VEGGIE CAPSULES,,
4015400,208,Bilberry Powder Capsules Standardized,Anthocyanin Bilberry,Supports eye & antioxidant wellness.,60 vcp,11.55,Capsules- Fresh Ground,FRESH GROUND VEGGIE CAPSULES,,
4021620,209,Bitter Melon Powder Capsules,Concentrated Bitter Melon,Supports healthy glucose metabolism already within the normal range.,90 vcp,9.65,Capsules- Fresh Ground,FRESH GROUND VEGGIE CAPSULES,,
4015410,210,Black Cohosh Powder Capsules,Full Spectrum Black Cohosh,Supports women’s wellness & healthy hormonal balance.,90 vcp,8.8,Capsules- Fresh Ground,FRESH GROUND VEGGIE CAPSULES,,
4023330,211,Black Walnut COG Powder Capsules,Full Spectrum Black Walnut,Supports digestive & intestinal wellness.,90 vcp,9.9,Capsules- Fresh Ground,FRESH GROUND VEGGIE CAPSULES,,
4017340,212,Blood Sugar Harmony Powder Capsule,Metabolic Glucose Support,Supports healthy glucose metabolism already within the normal range.,90 vcp,9.0,Capsules- Fresh Ground,FRESH GROUND VEGGIE CAPSULES,,
4022780,213,Brain Mushroom Support COG Powder Capsules,Cognitive Focus Complex,"Supports memory, focus & cognitive wellness.",60 vcp,9.4,Capsules- Fresh Ground,FRESH GROUND VEGGIE CAPSULES,,
4023590,214,Candida Clean Powder Capsules,Intestinal Botanical Balance,Supports digestive & intestinal wellness.,90 vcp,10.5,Capsules- Fresh Ground,FRESH GROUND VEGGIE CAPSULES,,
4015420,215,Cascara Sagrada Powder Capsules,Full Spectrum Cascara Sagrada,Supports healthy elimination & digestive regularity.,90 vcp,7.3,Capsules- Fresh Ground,FRESH GROUND VEGGIE CAPSULES,,
4019730,216,Cat's Claw Powder Capsules,Full Spectrum Cat's Claw,Supports immune & antioxidant wellness.,90 vcp,6.8,Capsules- Fresh Ground,FRESH GROUND VEGGIE CAPSULES,,
4019740,217,Cayenne Powder Capsules,Full Spectrum Cayenne,Supports circulatory & cardiovascular wellness.,90 vcp,6.8,Capsules- Fresh Ground,FRESH GROUND VEGGIE CAPSULES,,
4022760,218,Chaga Powder Capsules,Wildcrafted Chaga,"Supports immune wellness, resilience & vitality.",60 vcp,9.85,Capsules- Fresh Ground,FRESH GROUND VEGGIE CAPSULES,,
4019750,219,Chaste Tree Powder Capsules,Full Spectrum Chaste Tree,Supports women’s wellness & healthy hormonal balance.,90 vcp,7.2,Capsules- Fresh Ground,FRESH GROUND VEGGIE CAPSULES,,
4019760,220,Chlorella Powder Capsules,Broken-Cell Chlorella,Supports nutrient-rich daily wellness & antioxidant support.,90 vcp,9.25,Capsules- Fresh Ground,FRESH GROUND VEGGIE CAPSULES,,
4015430,221,Cinnamon Powder Capsules,Full Spectrum Cinnamon,Supports antioxidant wellness & healthy metabolic function.,90 vcp,6.9,Capsules- Fresh Ground,FRESH GROUND VEGGIE CAPSULES,,
4021440,221,Cinnamon Powder Capsules,Full Spectrum Cinnamon,Supports antioxidant wellness & healthy metabolic function.,180 vcp,11.9,Capsules- Fresh Ground,FRESH GROUND VEGGIE CAPSULES,,
4023340,222,Clove COG Powder Capsules,Full Spectrum Clove,Supports antioxidant & digestive wellness.,90 vcp,8.5,Capsules- Fresh Ground,FRESH GROUND VEGGIE CAPSULES,,
4017350,223,Colon Clean Powder Capsules,Digestive Transit Support,Supports healthy elimination & digestive regularity.,90 vcp,9.3,Capsules- Fresh Ground,FRESH GROUND VEGGIE CAPSULES,,
4021540,224,Cordyceps Powder Capsules,Mycelial Cordyceps,"Supports immune wellness, resilience & vitality.",60 vcp,9.0,Capsules- Fresh Ground,FRESH GROUND VEGGIE CAPSULES,,
4015440,225,Cranberry Powder Capsules,Proanthocyanidin Cranberry,Supports urinary-tract & kidney wellness.,90 vcp,8.8,Capsules- Fresh Ground,FRESH GROUND VEGGIE CAPSULES,,
4021730,226,Cranberry + D-Mannose Powder Capsules,Urinary Tract Support,Supports urinary-tract & kidney wellness.,60 vcp,11.55,Capsules- Fresh Ground,FRESH GROUND VEGGIE CAPSULES,,
4023420,226,Cranberry + D-Mannose Powder Capsules,Urinary Tract Support,Supports urinary-tract & kidney wellness.,120 vcp,18.5,Capsules- Fresh Ground,FRESH GROUND VEGGIE CAPSULES,,
4015450,227,Dandelion Powder Capsules,Full Spectrum Dandelion,Supports liver & digestive wellness.,90 vcp,7.85,Capsules- Fresh Ground,FRESH GROUND VEGGIE CAPSULES,,
4019770,228,Dong Quai Powder Capsules,Full Spectrum Dong Quai,Supports daily wellness & balanced body function.,90 vcp,9.2,Capsules- Fresh Ground,FRESH GROUND VEGGIE CAPSULES,,
4023530,229,D-Mannose Powder Capsules,Pure D-Mannose,Supports urinary-tract & kidney wellness.,120 vcp,12.6,Capsules- Fresh Ground,FRESH GROUND VEGGIE CAPSULES,,
4015460,230,Echinacea Powder Capsules,Full Spectrum Echinacea,Supports immune function.,90 vcp,9.65,Capsules- Fresh Ground,FRESH GROUND VEGGIE CAPSULES,,
4015470,231,Echinacea-Goldenseal Powder Capsules,Immune Botanical Complex,Supports immune function.,90 vcp,14.5,Capsules- Fresh Ground,FRESH GROUND VEGGIE CAPSULES,,
4017360,232,Elderberry Plus Powder Capsules,Wildcrafted Elderberry Plus,Supports immune function.,90 vcp,9.8,Capsules- Fresh Ground,FRESH GROUND VEGGIE CAPSULES,,
4022770,233,Energy Mushroom Support COG PowderCapsules,Energy & Vitality Complex,"Supports memory, focus & cognitive wellness.",60 vcp,11.0,Capsules- Fresh Ground,FRESH GROUND VEGGIE CAPSULES,,
4017370,234,Fenugreek Powder Capsules,Full Spectrum Fenugreek,Supports daily wellness & balanced body function.,90 vcp,6.9,Capsules- Fresh Ground,FRESH GROUND VEGGIE CAPSULES,,
4015480,235,Garlic Powder Capsules,Full Spectrum Garlic,Supports daily wellness & balanced body function.,90 vcp,6.7,Capsules- Fresh Ground,FRESH GROUND VEGGIE CAPSULES,,
4015490,236,Ginger Powder Capsules,Full Spectrum Ginger,Supports digestive comfort & digestive function.,90 vcp,7.0,Capsules- Fresh Ground,FRESH GROUND VEGGIE CAPSULES,,
4021080,236,Ginger Powder Capsules,Full Spectrum Ginger,Supports digestive comfort & digestive function.,180 vcp,11.85,Capsules- Fresh Ground,FRESH GROUND VEGGIE CAPSULES,,
4015500,237,Ginkgo Powder Capsules ,Flavone Ginkgo,"Supports memory, focus & cognitive wellness.",90 vcp,8.9,Capsules- Fresh Ground,FRESH GROUND VEGGIE CAPSULES,,
4022850,237,Ginkgo Powder Capsules,Flavone Ginkgo,"Supports memory, focus & cognitive wellness.",180 vcp,15.0,Capsules- Fresh Ground,FRESH GROUND VEGGIE CAPSULES,,
4015510,238,"Ginseng, American Powder Capsules","Full Spectrum Ginseng, American","Supports stress resilience, relaxation & vitality.",60 vcp,12.15,Capsules- Fresh Ground,FRESH GROUND VEGGIE CAPSULES,,
4017460,239,Glucosamine & Chondroitin Powder Capsules,Joint Comfort Complex,Supports joint comfort & a healthy inflammatory response.,120 vcp,13.95,Capsules- Fresh Ground,FRESH GROUND VEGGIE CAPSULES,,
4015520,240,Goldenseal Powder Capsules,Full Spectrum Goldenseal,Supports daily wellness & balanced body function.,60 vcp,16.0,Capsules- Fresh Ground,FRESH GROUND VEGGIE CAPSULES,,
4019780,241,Gotu Kola Powder Capsules,Full Spectrum Gotu Kola,Supports daily wellness & balanced body function.,90 vcp,8.0,Capsules- Fresh Ground,FRESH GROUND VEGGIE CAPSULES,,
4023720,242,Graviola (Soursop) Leaf Powder Capsules,Full Spectrum Graviola (Soursop) Leaf,Supports daily wellness & balanced body function.,90 vcp,9.0,Capsules- Fresh Ground,FRESH GROUND VEGGIE CAPSULES,,
4019790,243,Green Coffee Bean Powder Capsules,Chlorogenic Green Coffee Bean,Supports daily wellness & balanced body function.,60 vcp,9.9,Capsules- Fresh Ground,FRESH GROUND VEGGIE CAPSULES,,
4015530,244,Green Tea Powder Capsules Standardized,Polyphenol Green Tea,Supports daily wellness & balanced body function.,90 vcp,10.4,Capsules- Fresh Ground,FRESH GROUND VEGGIE CAPSULES,,
4021650,245,Hair Skin Nails Powder Capsules,"Hair, Skin & Nail Support","Supports healthy hair, skin & nails.",90 vcp,11.0,Capsules- Fresh Ground,FRESH GROUND VEGGIE CAPSULES,,
4015540,246,Hawthorn Powder Capsules,Full Spectrum Hawthorn,Supports cardiovascular wellness & healthy circulation.,90 vcp,7.0,Capsules- Fresh Ground,FRESH GROUND VEGGIE CAPSULES,,
4019800,247,Holy Basil Powder Capsules Standardized,Ursolic Holy Basil,Supports daily wellness & balanced body function.,60 vcp,8.8,Capsules- Fresh Ground,FRESH GROUND VEGGIE CAPSULES,,
4023260,248,Hyaluronic Acid Supreme,Hyaluronic Acid Complex,Supports joint comfort & a healthy inflammatory response.,60vcp,9.45,Capsules- Fresh Ground,FRESH GROUND VEGGIE CAPSULES,,
4017380,249,Immuno Well Rx Powder Capsules,Immune Botanical Complex,Supports immune function.,90 vcp,10.1,Capsules- Fresh Ground,FRESH GROUND VEGGIE CAPSULES,,
4017390,250,Inflacalm Powder Capsules,Joint Comfort Complex,Supports joint comfort & a healthy inflammatory response.,60 vcp,12.2,Capsules- Fresh Ground,FRESH GROUND VEGGIE CAPSULES,,
4022840,251,Irish Moss Powder Capsules,Full Spectrum Irish Moss,Supports daily wellness & balanced body function.,90 vcp,8.0,Capsules- Fresh Ground,FRESH GROUND VEGGIE CAPSULES,,
4015560,252,Kava Powder Capsules,Vanuatu Kava,"Supports stress resilience, relaxation & vitality.",90 vcp,12.1,Capsules- Fresh Ground,FRESH GROUND VEGGIE CAPSULES,,
4017400,253,Kava Gold With Albizzia Powder Capsules,Calm & Resilience Complex,"Supports stress resilience, relaxation & vitality.",90 vcp,13.85,Capsules- Fresh Ground,FRESH GROUND VEGGIE CAPSULES,,
4019810,254,Kelp Powder Capsules,Full Spectrum Kelp,Supports healthy thyroid function & metabolic wellness.,90 vcp,6.6,Capsules- Fresh Ground,FRESH GROUND VEGGIE CAPSULES,,
4023350,255,Lemon Balm COG Powder Capsules,Full Spectrum Lemon Balm,Supports daily wellness & balanced body function.,90 vcp,8.3,Capsules- Fresh Ground,FRESH GROUND VEGGIE CAPSULES,,
4022750,256,Lion's Mane COG Powder Capsules,Organic Lion's Mane,"Supports memory, focus & cognitive wellness.",60 vcp,9.4,Capsules- Fresh Ground,FRESH GROUND VEGGIE CAPSULES,,
4023380,256,Lion's Mane COG Powder Capsules,Organic Lion's Mane,"Supports memory, focus & cognitive wellness.",120 vcp,15.4,Capsules- Fresh Ground,FRESH GROUND VEGGIE CAPSULES,,
4023520,257,"Lion's Mane 2,000 mg COG Powder Capsules","Organic Lion's Mane 2,000 mg","Supports memory, focus & cognitive wellness.",90 vcp,14.65,Capsules- Fresh Ground,FRESH GROUND VEGGIE CAPSULES,,
4017410,258,Liver Detox Powder Capsules,Liver Wellness Complex,Supports liver & digestive wellness.,90 vcp,10.05,Capsules- Fresh Ground,FRESH GROUND VEGGIE CAPSULES,,
4023130,259,L-Theanine Powder Capsules,Pure L-Theanine,Supports daily wellness & balanced body function.,90 vcp,9.0,Capsules- Fresh Ground,FRESH GROUND VEGGIE CAPSULES,,
4019820,260,Maca Powder Capsules,Andean Maca,Supports daily wellness & balanced body function.,90 vcp,10.5,Capsules- Fresh Ground,FRESH GROUND VEGGIE CAPSULES,,
4015570,261,Milk Thistle Powder Capsules Standardized,Silymarin Milk Thistle,Supports liver & digestive wellness.,90 vcp,10.1,Capsules- Fresh Ground,FRESH GROUND VEGGIE CAPSULES,,
4021430,261,Milk Thistle Powder Capsules Standardized,Silymarin Milk Thistle,Supports liver & digestive wellness.,180 vcp,17.2,Capsules- Fresh Ground,FRESH GROUND VEGGIE CAPSULES,,
4022430,262,Moringa Powder Capsules,Organic Moringa,Supports daily wellness & balanced body function.,90 vcp,7.45,Capsules- Fresh Ground,FRESH GROUND VEGGIE CAPSULES,,
4023280,263,Mullein Powder Capsules,Wildcrafted Mullein,Supports daily wellness & balanced body function.,90 vcp,7.35,Capsules- Fresh Ground,FRESH GROUND VEGGIE CAPSULES,,
4020000,264,Mushroom Immune Powder Capsules,Immune Botanical Complex,"Supports memory, focus & cognitive wellness.",90 vcp,18.0,Capsules- Fresh Ground,FRESH GROUND VEGGIE CAPSULES,,
4019830,265,Neem Powder Capsules,Full Spectrum Neem,Supports daily wellness & balanced body function.,90 vcp,7.45,Capsules- Fresh Ground,FRESH GROUND VEGGIE CAPSULES,,
4015580,266,Nettles Powder Capsules,Full Spectrum Nettles,Supports daily wellness & balanced body function.,75 vcp,7.2,Capsules- Fresh Ground,FRESH GROUND VEGGIE CAPSULES,,
4023140,267,Nootropic Boost Powder Capsules,Cognitive Focus Complex,"Supports memory, focus & cognitive wellness.",90 vcp,13.0,Capsules- Fresh Ground,FRESH GROUND VEGGIE CAPSULES,,
4015590,268,Olive Leaf Powder Capsules Standardized,Oleuropein Olive Leaf,Supports daily wellness & balanced body function.,90 vcp,10.0,Capsules- Fresh Ground,FRESH GROUND VEGGIE CAPSULES,,
4017420,269,Oregano Supreme Powder Capsules,Oregano Complex,Supports circulatory & cardiovascular wellness.,90 vcp,8.5,Capsules- Fresh Ground,FRESH GROUND VEGGIE CAPSULES,,
4017430,270,Paracide Powder Capsules,Intestinal Botanical Balance,Supports digestive & intestinal wellness.,90 vcp,9.25,Capsules- Fresh Ground,FRESH GROUND VEGGIE CAPSULES,,
4023270,271,Passion Flower Powder Capsules,Organic Passion Flower,Supports daily wellness & balanced body function.,90 vcp,7.7,Capsules- Fresh Ground,FRESH GROUND VEGGIE CAPSULES,,
4019840,272,Pau D' Arco Powder Capsules,Full Spectrum Pau D' Arco,Supports daily wellness & balanced body function.,90 vcp,7.0,Capsules- Fresh Ground,FRESH GROUND VEGGIE CAPSULES,,
4017470,273,Red Yeast Rice With CoQ10 Powder Capsules,Ubiquinone CoQ10,Supports cardiovascular wellness & healthy circulation.,90 vcp,14.7,Capsules- Fresh Ground,FRESH GROUND VEGGIE CAPSULES,,
4022730,274,Reishi COG Powder Capsules,Organic Reishi,"Supports immune wellness, resilience & vitality.",60 vcp,9.4,Capsules- Fresh Ground,FRESH GROUND VEGGIE CAPSULES,,
4022670,275,Rhodiola Powder Capsules,Rosavin Rhodiola,"Supports stress resilience, relaxation & vitality.",60 vcp,14.4,Capsules- Fresh Ground,FRESH GROUND VEGGIE CAPSULES,,
4022800,276,Serene Mushroom Support Powder Capsules,Calm & Resilience Complex,"Supports memory, focus & cognitive wellness.",60 vcp,9.4,Capsules- Fresh Ground,FRESH GROUND VEGGIE CAPSULES,,
4017440,277,Sleep Powder Capsules,Rest & Sleep Support,Supports relaxation & restful sleep.,90 vcp,10.3,Capsules- Fresh Ground,FRESH GROUND VEGGIE CAPSULES,,
4019860,278,Spirulina Powder Capsules,Organic Spirulina,Supports nutrient-rich daily wellness & antioxidant support.,90 vcp,8.2,Capsules- Fresh Ground,FRESH GROUND VEGGIE CAPSULES,,
4021770,279,Stamina Powder Capsules,Energy & Vitality Complex,Supports healthy circulation & cardiovascular wellness.,90 vcp,9.5,Capsules- Fresh Ground,FRESH GROUND VEGGIE CAPSULES,,
4015600,280,St. John's Wort Powder Capsules,Hypericin St. John's Wort,Supports daily wellness & balanced body function.,90 vcp,7.8,Capsules- Fresh Ground,FRESH GROUND VEGGIE CAPSULES,,
4022790,281,Stress Mushroom Support COG Powder Capsules,Calm & Resilience Complex,"Supports memory, focus & cognitive wellness.",60 vcp,9.6,Capsules- Fresh Ground,FRESH GROUND VEGGIE CAPSULES,,
4017450,282,Thyroid Powder Capsules,Thyroid Nutrient Support,"Supports memory, focus & cognitive wellness.",90 vcp,9.8,Capsules- Fresh Ground,FRESH GROUND VEGGIE CAPSULES,,
4019870,283,Triphala Powder Capsules,Organic Triphala,Supports daily wellness & balanced body function.,90 vcp,8.2,Capsules- Fresh Ground,FRESH GROUND VEGGIE CAPSULES,,
4022740,284,Turkey Tail COG Powder Capsules,Organic Turkey Tail,Supports daily wellness & balanced body function.,60 vcp,9.4,Capsules- Fresh Ground,FRESH GROUND VEGGIE CAPSULES,,
4015610,285,Turmeric Powder Capsules Standardized,Concentrated Turmeric Standardized,Supports joint comfort & a healthy inflammatory response.,60 vcp,14.4,Capsules- Fresh Ground,FRESH GROUND VEGGIE CAPSULES,,
4021420,285,Turmeric Powder Capsules Standardized,Concentrated Turmeric Standardized,Supports joint comfort & a healthy inflammatory response.,120 vcp,24.55,Capsules- Fresh Ground,FRESH GROUND VEGGIE CAPSULES,,
4021670,286,Turmeric Plus AM Ache Relief Powder Capsules,Joint Comfort Complex,"Supports memory, focus & cognitive wellness.",60 vcp,11.0,Capsules- Fresh Ground,FRESH GROUND VEGGIE CAPSULES,,
4021660,287,Turmeric Plus Heart Complete with CoQ10 Powder Capsules,Cardiovascular Support Complex,Supports healthy circulation & cardiovascular wellness.,60 vcp,18.9,Capsules- Fresh Ground,FRESH GROUND VEGGIE CAPSULES,,
4021690,288,Turmeric Plus Joint Health Powder Capsules,Joint Comfort Complex,Supports women’s wellness & healthy hormonal balance.,60 vcp,11.0,Capsules- Fresh Ground,FRESH GROUND VEGGIE CAPSULES,,
4021680,289,Turmeric Plus PM Ache Relief Powder Capsules,Joint Comfort Complex,Supports relaxation & restful sleep.,60 vcp,11.0,Capsules- Fresh Ground,FRESH GROUND VEGGIE CAPSULES,,
4015620,290,Valerian Powder Capsules,Full Spectrum Valerian,Supports relaxation & restful sleep.,90 vcp,8.6,Capsules- Fresh Ground,FRESH GROUND VEGGIE CAPSULES,,
4021070,290,Valerian Powder Capsules,Full Spectrum Valerian,Supports relaxation & restful sleep.,180 vcp,14.8,Capsules- Fresh Ground,FRESH GROUND VEGGIE CAPSULES,,
4021800,291,Vein Health Powder Capsules,Vein & Circulation Support,Supports healthy circulation & cardiovascular wellness.,90 vcp,13.15,Capsules- Fresh Ground,FRESH GROUND VEGGIE CAPSULES,,
4023360,292,Wormwood COG Powder Capsules,Full Spectrum Wormwood,Supports daily wellness & balanced body function.,90 vcp,7.65,Capsules- Fresh Ground,FRESH GROUND VEGGIE CAPSULES,,
4022710,293,Ashwagandha Liquid Capsules,Withanolide Ashwagandha,"Supports stress resilience, relaxation & vitality.",60 vcp,15.45,Capsules- Liquid,LIQUID VEGGIE CAPSULES,,
4022650,294,Black Cumin Seed Oil Liquid Capsules,Nigella Black Cumin Seed Oil,Supports daily wellness & balanced body function.,90 vcp,11.7,Capsules- Liquid,LIQUID VEGGIE CAPSULES,,
4012100,295,Cinnamon Liquid Capsules Standardized,Concentrated Cinnamon Standardized,Supports antioxidant wellness & healthy metabolic function.,60 vcp,14.8,Capsules- Liquid,LIQUID VEGGIE CAPSULES,,
4012890,296,Congest-Eeze Liquid Capsules,Respiratory Botanical Support,Supports immune function.,60 vcp,15.0,Capsules- Liquid,LIQUID VEGGIE CAPSULES,,
4012130,297,Coq10 Liquid Capsules Standardized,Ubiquinone CoQ10,Supports cardiovascular wellness & healthy circulation.,60 vcp,16.25,Capsules- Liquid,LIQUID VEGGIE CAPSULES,,
4012900,298,Echinacea-Goldenseal Liquid Capsules,Immune Botanical Complex,Supports immune function.,60 vcp,19.0,Capsules- Liquid,LIQUID VEGGIE CAPSULES,,
4012140,299,Holy Basil Liquid Capsules Standardized,Ursolic Holy Basil,Supports daily wellness & balanced body function.,60 vcp,15.3,Capsules- Liquid,LIQUID VEGGIE CAPSULES,,
4013030,300,Kava Liquid Capsules Standardized,Vanuatu Kava,"Supports stress resilience, relaxation & vitality.",60 vcp,19.0,Capsules- Liquid,LIQUID VEGGIE CAPSULES,,
4012920,301,Liver Detox With Milk Thistle Liquid Capsules,Liver Wellness Complex,Supports liver & digestive wellness.,60 vcp,15.4,Capsules- Liquid,LIQUID VEGGIE CAPSULES,,
4008381,302,Oregano Oil Liquid Capsules Standardized,Carvacrol Oregano Oil,Supports daily wellness & balanced body function.,60 vcp,12.0,Capsules- Liquid,LIQUID VEGGIE CAPSULES,,
4008392,302,Oregano Oil Liquid Capsules Standardized,Carvacrol Oregano Oil,Supports daily wellness & balanced body function.,120 vcp,18.9,Capsules- Liquid,LIQUID VEGGIE CAPSULES,,
4021050,303,Saw Palmetto Liquid Capsules,Lipid Saw Palmetto,Supports men’s prostate & urinary wellness.,60 vcp,13.0,Capsules- Liquid,LIQUID VEGGIE CAPSULES,,
4023700,304,Shilajit Liquid Capsules,Fulvic Shilajit,Supports daily wellness & balanced body function.,60 vcp,9.0,Capsules- Liquid,LIQUID VEGGIE CAPSULES,,
4023710,304,Shilajit Liquid Capsules,Fulvic Shilajit,Supports daily wellness & balanced body function.,120 vcp,15.0,Capsules- Liquid,LIQUID VEGGIE CAPSULES,,
4012880,305,Sleep (With Valerian And Melatonin) Liquid Capsules,Rest & Sleep Support,Supports relaxation & restful sleep.,60 vcp,15.6,Capsules- Liquid,LIQUID VEGGIE CAPSULES,,
4021580,306,Stress-Ease Liquid Capsules,Calm & Resilience Complex,"Supports memory, focus & cognitive wellness.",60 vcp,16.5,Capsules- Liquid,LIQUID VEGGIE CAPSULES,,
4020970,307,Turmeric Liquid Capsules,Curcuminoid Turmeric,Supports joint comfort & a healthy inflammatory response.,60 vcp,13.4,Capsules- Liquid,LIQUID VEGGIE CAPSULES,,
4020980,307,Turmeric Liquid Capsules,Curcuminoid Turmeric,Supports joint comfort & a healthy inflammatory response.,120 vcp,23.5,Capsules- Liquid,LIQUID VEGGIE CAPSULES,,
4022991,308,Andrographis Liquid Extract,Paniculata Andrographis,Supports immune function.,1 oz,7.35,Liquid- Single,SINGLE HERBAL LIQUID EXTRACTS (Alcohol & Alcohol-Free),,
4003721,309,Arnica Liquid Extract,Montana Arnica,Supports daily wellness & balanced body function.,1 oz,10.0,Liquid- Single,SINGLE HERBAL LIQUID EXTRACTS (Alcohol & Alcohol-Free),,
4008561,310,Artichoke Liquid Extract,Scolymus Artichoke,Supports daily wellness & balanced body function.,1 oz,7.35,Liquid- Single,SINGLE HERBAL LIQUID EXTRACTS (Alcohol & Alcohol-Free),,
4003731,311,Ashwagandha Liquid Extract,Somnifera Ashwagandha,"Supports stress resilience, relaxation & vitality.",1 oz,7.35,Liquid- Single,SINGLE HERBAL LIQUID EXTRACTS (Alcohol & Alcohol-Free),,
4003732,311,Ashwagandha Liquid Extract,Somnifera Ashwagandha,"Supports stress resilience, relaxation & vitality.",2 oz,13.55,Liquid- Single,SINGLE HERBAL LIQUID EXTRACTS (Alcohol & Alcohol-Free),,
4003741,312,Astragalus Liquid Extract,Select Astragalus,Supports immune wellness & vitality.,1 oz,7.35,Liquid- Single,SINGLE HERBAL LIQUID EXTRACTS (Alcohol & Alcohol-Free),,
4003742,312,Astragalus Liquid Extract,Select Astragalus,Supports immune wellness & vitality.,2 oz,13.55,Liquid- Single,SINGLE HERBAL LIQUID EXTRACTS (Alcohol & Alcohol-Free),,
4008571,313,Bilberry Liquid Extract,Myrtillus Bilberry,Supports eye & antioxidant wellness.,1 oz,7.35,Liquid- Single,SINGLE HERBAL LIQUID EXTRACTS (Alcohol & Alcohol-Free),,
4003771,314,Black Cohosh Liquid Extract,Racemosa Black Cohosh,Supports women’s wellness & healthy hormonal balance.,1 oz,7.35,Liquid- Single,SINGLE HERBAL LIQUID EXTRACTS (Alcohol & Alcohol-Free),,
4003791,315,Black Walnut (Green) Liquid Extract,Nigra Black Walnut (Green),Supports digestive & intestinal wellness.,1 oz,7.35,Liquid- Single,SINGLE HERBAL LIQUID EXTRACTS (Alcohol & Alcohol-Free),,
4003792,315,Black Walnut (Green) Liquid Extract,Nigra Black Walnut (Green),Supports digestive & intestinal wellness.,2 oz,13.55,Liquid- Single,SINGLE HERBAL LIQUID EXTRACTS (Alcohol & Alcohol-Free),,
4003801,316,Blue Cohosh Liquid Extract,Thalictroides Blue Cohosh,Supports daily wellness & balanced body function.,1 oz,7.35,Liquid- Single,SINGLE HERBAL LIQUID EXTRACTS (Alcohol & Alcohol-Free),,
4016091,317,Boswellia Liquid Extract,Serrata Boswellia,Supports joint comfort & a healthy inflammatory response.,1 oz.,8.0,Liquid- Single,SINGLE HERBAL LIQUID EXTRACTS (Alcohol & Alcohol-Free),,
4003851,318,Burdock Liquid Extract,Lappa Burdock,Supports daily wellness & balanced body function.,1 oz,7.35,Liquid- Single,SINGLE HERBAL LIQUID EXTRACTS (Alcohol & Alcohol-Free),,
4003861,319,California Poppy Liquid Extract,Californica California Poppy,Supports daily wellness & balanced body function.,1 oz,7.35,Liquid- Single,SINGLE HERBAL LIQUID EXTRACTS (Alcohol & Alcohol-Free),,
4003891,320,Cats Claw Liquid Extract,Tormentosa Cats Claw,Supports immune & antioxidant wellness.,1 oz,7.35,Liquid- Single,SINGLE HERBAL LIQUID EXTRACTS (Alcohol & Alcohol-Free),,
4003901,321,Cayenne Liquid Extract,Annuum Cayenne,Supports circulatory & cardiovascular wellness.,1 oz,7.35,Liquid- Single,SINGLE HERBAL LIQUID EXTRACTS (Alcohol & Alcohol-Free),,
4003911,322,Chamomile Liquid Extract,Chamomilla Chamomile,Supports daily wellness & balanced body function.,1 oz,7.35,Liquid- Single,SINGLE HERBAL LIQUID EXTRACTS (Alcohol & Alcohol-Free),,
4003931,323,Chaste Tree Berry Liquid Extract,Agnus-castus Chaste Tree Berry,Supports women’s wellness & healthy hormonal balance.,1 oz,7.35,Liquid- Single,SINGLE HERBAL LIQUID EXTRACTS (Alcohol & Alcohol-Free),,
4003941,324,Clove Liquid Extract,Aromaticum Clove,Supports antioxidant & digestive wellness.,1 oz,7.35,Liquid- Single,SINGLE HERBAL LIQUID EXTRACTS (Alcohol & Alcohol-Free),,
4011212,325,Colloidal Silver (15 Ppm),Select Colloidal Silver,Supports daily wellness & balanced body function.,2 oz,8.5,Liquid- Single,SINGLE HERBAL LIQUID EXTRACTS (Alcohol & Alcohol-Free),,
4011214,325,Colloidal Silver (15 ppm),Select Colloidal Silver,Supports daily wellness & balanced body function.,4 oz,15.75,Liquid- Single,SINGLE HERBAL LIQUID EXTRACTS (Alcohol & Alcohol-Free),,
4003951,326,Comfrey Liquid Extract,Officinale Comfrey,Supports daily wellness & balanced body function.,1 oz,7.35,Liquid- Single,SINGLE HERBAL LIQUID EXTRACTS (Alcohol & Alcohol-Free),,
4003961,327,Cramp Bark Liquid Extract,Opulus Cramp Bark,Supports daily wellness & balanced body function.,1 oz,7.9,Liquid- Single,SINGLE HERBAL LIQUID EXTRACTS (Alcohol & Alcohol-Free),,
4003971,328,Damiana Liquid Extract,Diffusa Damiana,Supports daily wellness & balanced body function.,1 oz,7.35,Liquid- Single,SINGLE HERBAL LIQUID EXTRACTS (Alcohol & Alcohol-Free),,
4003981,329,Dandelion Liquid Extract,Officinale Dandelion,Supports liver & digestive wellness.,1 oz,7.35,Liquid- Single,SINGLE HERBAL LIQUID EXTRACTS (Alcohol & Alcohol-Free),,
4002761,330,Dandelion Liquid Extract Alcohol-Free,Officinale Dandelion Alcohol-Free,Supports liver & digestive wellness.,1 oz.,7.8,Liquid- Single Alcohol Free,SINGLE HERBAL LIQUID EXTRACTS (Alcohol & Alcohol-Free),,
4003991,331,Devil's Claw Liquid Extract,Select Devil's Claw,Supports daily wellness & balanced body function.,1 oz,7.35,Liquid- Single,SINGLE HERBAL LIQUID EXTRACTS (Alcohol & Alcohol-Free),,
4004011,332,Dong Quai Liquid Extract,Sinensis Dong Quai,Supports daily wellness & balanced body function.,1 oz,7.35,Liquid- Single,SINGLE HERBAL LIQUID EXTRACTS (Alcohol & Alcohol-Free),,
4004911,333,Echinacea Liquid Extract Alcohol-Free,Angustifolia Echinacea Alcohol-Free,Supports immune function.,1 oz,7.95,Liquid- Single Alcohol Free,SINGLE HERBAL LIQUID EXTRACTS (Alcohol & Alcohol-Free),,
4004912,333,Echinacea Liquid Extract Alcohol-Free,Angustifolia Echinacea Alcohol-Free,Supports immune function.,2 oz,14.65,Liquid- Single Alcohol Free,SINGLE HERBAL LIQUID EXTRACTS (Alcohol & Alcohol-Free),,
4004021,334,Echinacea Liquid Extract,Angustifolia Echinacea,Supports immune function.,1 oz,7.55,Liquid- Single,SINGLE HERBAL LIQUID EXTRACTS (Alcohol & Alcohol-Free),,
4004022,334,Echinacea Liquid Extract,Angustifolia Echinacea,Supports immune function.,2 oz,13.95,Liquid- Single,SINGLE HERBAL LIQUID EXTRACTS (Alcohol & Alcohol-Free),,
4006631,335,Elderberry Liquid Extract,Nigra Elderberry,Supports immune function.,1 oz,7.35,Liquid- Single,SINGLE HERBAL LIQUID EXTRACTS (Alcohol & Alcohol-Free),,
4006632,335,Elderberry Liquid Extract,Nigra Elderberry,Supports immune function.,2 oz,13.55,Liquid- Single,SINGLE HERBAL LIQUID EXTRACTS (Alcohol & Alcohol-Free),,
4004141,336,Eleuthero Liquid Extract,Select Eleuthero,"Supports stress resilience, relaxation & vitality.",1 oz,7.35,Liquid- Single,SINGLE HERBAL LIQUID EXTRACTS (Alcohol & Alcohol-Free),,
4004051,337,Eyebright Liquid Extract,Euphrasia Eyebright,Supports eye & antioxidant wellness.,1 oz,8.0,Liquid- Single,SINGLE HERBAL LIQUID EXTRACTS (Alcohol & Alcohol-Free),,
4004061,338,Fennel Liquid Extract,Vulgare Fennel,Supports daily wellness & balanced body function.,1 oz,7.35,Liquid- Single,SINGLE HERBAL LIQUID EXTRACTS (Alcohol & Alcohol-Free),,
4007431,339,Fenugreek Liquid Extract,Select Fenugreek,Supports daily wellness & balanced body function.,1 oz,7.35,Liquid- Single,SINGLE HERBAL LIQUID EXTRACTS (Alcohol & Alcohol-Free),,
4005201,340,Feverfew Liquid Extract,Parthenium Feverfew,Supports daily wellness & balanced body function.,1 oz,7.35,Liquid- Single,SINGLE HERBAL LIQUID EXTRACTS (Alcohol & Alcohol-Free),,
4004071,341,Fo-Ti Liquid Extract,Multiflorum Fo-Ti,Supports daily wellness & balanced body function.,1 oz,7.35,Liquid- Single,SINGLE HERBAL LIQUID EXTRACTS (Alcohol & Alcohol-Free),,
4004081,342,Garlic Liquid Extract,Sativum Garlic,Supports daily wellness & balanced body function.,1 oz,7.35,Liquid- Single,SINGLE HERBAL LIQUID EXTRACTS (Alcohol & Alcohol-Free),,
4004091,343,Gentian Liquid Extract,Lutea Gentian,Supports daily wellness & balanced body function.,1 oz,7.35,Liquid- Single,SINGLE HERBAL LIQUID EXTRACTS (Alcohol & Alcohol-Free),,
4004101,344,Ginger Liquid Extract,Officinale Ginger,Supports digestive comfort & digestive function.,1 oz,7.35,Liquid- Single,SINGLE HERBAL LIQUID EXTRACTS (Alcohol & Alcohol-Free),,
4004111,345,Ginkgo Liquid Extract,Biloba Ginkgo,"Supports memory, focus & cognitive wellness.",1 oz,7.35,Liquid- Single,SINGLE HERBAL LIQUID EXTRACTS (Alcohol & Alcohol-Free),,
4004921,346,Ginkgo Liquid Extract Alcohol-Free,Biloba Ginkgo Alcohol-Free,"Supports memory, focus & cognitive wellness.",1 oz,7.8,Liquid- Single Alcohol Free,SINGLE HERBAL LIQUID EXTRACTS (Alcohol & Alcohol-Free),,
4004121,347,"Ginseng, American Liquid Extract","Quinquefolium Ginseng, American","Supports stress resilience, relaxation & vitality.",1 oz,10.0,Liquid- Single,SINGLE HERBAL LIQUID EXTRACTS (Alcohol & Alcohol-Free),,
4004131,348,"Ginseng, Red Chinese Liquid Extract","Panax Ginseng, Red Chinese","Supports stress resilience, relaxation & vitality.",1 oz,10.0,Liquid- Single,SINGLE HERBAL LIQUID EXTRACTS (Alcohol & Alcohol-Free),,
4016991,349,White Chinese Ginseng Liquid Extract Alcohol-Free,Panax White Chinese Ginseng Alcohol-Free,"Supports stress resilience, relaxation & vitality.",1 oz.,10.5,Liquid- Single Alcohol Free,SINGLE HERBAL LIQUID EXTRACTS (Alcohol & Alcohol-Free),,
4004151,350,Goldenseal Liquid Extract,Canadensis Goldenseal,Supports daily wellness & balanced body function.,1 oz,9.9,Liquid- Single,SINGLE HERBAL LIQUID EXTRACTS (Alcohol & Alcohol-Free),,
4004152,350,Goldenseal Liquid Extract,Canadensis Goldenseal,Supports daily wellness & balanced body function.,2 oz,18.15,Liquid- Single,SINGLE HERBAL LIQUID EXTRACTS (Alcohol & Alcohol-Free),,
4004161,351,Gotu Kola Liquid Extract,Asiatica Gotu Kola,Supports daily wellness & balanced body function.,1 oz,7.35,Liquid- Single,SINGLE HERBAL LIQUID EXTRACTS (Alcohol & Alcohol-Free),,
4016621,352,Graviola (Soursop) Leaf Liquid Extract,Muricata Graviola (Soursop) Leaf,Supports daily wellness & balanced body function.,1 oz,7.35,Liquid- Single,SINGLE HERBAL LIQUID EXTRACTS (Alcohol & Alcohol-Free),,
4004171,353,Hawthorn Liquid Extract,Select Hawthorn,Supports cardiovascular wellness & healthy circulation.,1 oz,7.35,Liquid- Single,SINGLE HERBAL LIQUID EXTRACTS (Alcohol & Alcohol-Free),,
4004172,353,Hawthorn Liquid Extract,Select Hawthorn,Supports cardiovascular wellness & healthy circulation.,2 oz,13.55,Liquid- Single,SINGLE HERBAL LIQUID EXTRACTS (Alcohol & Alcohol-Free),,
4015781,354,Holy Basil Liquid Extract,Sanctum Holy Basil,Supports daily wellness & balanced body function.,1 oz,7.35,Liquid- Single,SINGLE HERBAL LIQUID EXTRACTS (Alcohol & Alcohol-Free),,
4004181,355,Hops Liquid Extract,Lupulus Hops,Supports daily wellness & balanced body function.,1 oz,7.35,Liquid- Single,SINGLE HERBAL LIQUID EXTRACTS (Alcohol & Alcohol-Free),,
4006651,356,Horse Chestnut Liquid Extract,Hippocastanum Horse Chestnut,Supports daily wellness & balanced body function.,1 oz,7.35,Liquid- Single,SINGLE HERBAL LIQUID EXTRACTS (Alcohol & Alcohol-Free),,
4004201,357,Horsetail Liquid Extract,Select Horsetail,Supports daily wellness & balanced body function.,1 oz,7.35,Liquid- Single,SINGLE HERBAL LIQUID EXTRACTS (Alcohol & Alcohol-Free),,
4023581,358,Sea Moss COG Liquid Alcohol-Free,Select Sea Moss Alcohol-Free,Supports daily wellness & balanced body function.,1 oz,7.65,Single (A/F),SINGLE HERBAL LIQUID EXTRACTS (Alcohol & Alcohol-Free),,
4004211,359,Kava Liquid Extract,Methysticum Kava,"Supports stress resilience, relaxation & vitality.",1 oz,8.9,Liquid- Single,SINGLE HERBAL LIQUID EXTRACTS (Alcohol & Alcohol-Free),,
4004212,359,Kava Liquid Extract,Methysticum Kava,"Supports stress resilience, relaxation & vitality.",2 oz,16.35,Liquid- Single,SINGLE HERBAL LIQUID EXTRACTS (Alcohol & Alcohol-Free),,
4004931,360,Kava Liquid Extract Alcohol-Free,Methysticum Kava Alcohol-Free,"Supports stress resilience, relaxation & vitality.",1 oz,9.3,Liquid- Single Alcohol Free,SINGLE HERBAL LIQUID EXTRACTS (Alcohol & Alcohol-Free),,
4004932,360,Kava Liquid Extract Alcohol-Free,Methysticum Kava Alcohol-Free,"Supports stress resilience, relaxation & vitality.",2 oz,17.05,Liquid- Single Alcohol Free,SINGLE HERBAL LIQUID EXTRACTS (Alcohol & Alcohol-Free),,
4007521,361,Lavender Liquid Extract,Lavandula Lavender,Supports daily wellness & balanced body function.,1 oz,7.35,Liquid- Single,SINGLE HERBAL LIQUID EXTRACTS (Alcohol & Alcohol-Free),,
4006661,362,Lemon Balm Liquid Extract,Melissa Lemon Balm,Supports daily wellness & balanced body function.,1 oz,7.35,Liquid- Single,SINGLE HERBAL LIQUID EXTRACTS (Alcohol & Alcohol-Free),,
4004231,363,Licorice Liquid Extract,Glabra Licorice,Supports daily wellness & balanced body function.,1 oz,7.35,Liquid- Single,SINGLE HERBAL LIQUID EXTRACTS (Alcohol & Alcohol-Free),,
4023542,364,Lion's Mane COG Liquid Alcohol-Free,Hericium Lion's Mane Alcohol-Free,"Supports memory, focus & cognitive wellness.",2 oz,12.95,Liquid- Single Alcohol Free,SINGLE HERBAL LIQUID EXTRACTS (Alcohol & Alcohol-Free),,
4004241,365,Lobelia Liquid Extract,Inflata Lobelia,Supports daily wellness & balanced body function.,1 oz,8.0,Liquid- Single,SINGLE HERBAL LIQUID EXTRACTS (Alcohol & Alcohol-Free),,
4004251,366,Lomatium Liquid Extract,Dissectum Lomatium,Supports daily wellness & balanced body function.,1 oz,8.0,Liquid- Single,SINGLE HERBAL LIQUID EXTRACTS (Alcohol & Alcohol-Free),,
4007471,367,Maca Liquid Extract,Andean Maca,Supports eye & antioxidant wellness.,1 oz,7.35,Liquid- Single,SINGLE HERBAL LIQUID EXTRACTS (Alcohol & Alcohol-Free),,
4007472,367,Maca Liquid Extract,Andean Maca,Supports eye & antioxidant wellness.,2 oz,13.55,Liquid- Single,SINGLE HERBAL LIQUID EXTRACTS (Alcohol & Alcohol-Free),,
4004261,368,Marshmallow Liquid Extract,Officinale Marshmallow,Supports digestive comfort & GI wellness.,1 oz,7.35,Liquid- Single,SINGLE HERBAL LIQUID EXTRACTS (Alcohol & Alcohol-Free),,
4004271,369,Milk Thistle Liquid Extract,Marianum Milk Thistle,Supports liver & digestive wellness.,1 oz,7.35,Liquid- Single,SINGLE HERBAL LIQUID EXTRACTS (Alcohol & Alcohol-Free),,
4004272,369,Milk Thistle Liquid Extract,Marianum Milk Thistle,Supports liver & digestive wellness.,2 oz,13.55,Liquid- Single,SINGLE HERBAL LIQUID EXTRACTS (Alcohol & Alcohol-Free),,
4004941,370,Milk Thistle Liquid Extract Alcohol-Free,Marianum Milk Thistle Alcohol-Free,Supports liver & digestive wellness.,1 oz,7.8,Liquid- Single Alcohol Free,SINGLE HERBAL LIQUID EXTRACTS (Alcohol & Alcohol-Free),,
4004942,370,Milk Thistle Liquid Extract Alcohol-Free,Marianum Milk Thistle Alcohol-Free,Supports liver & digestive wellness.,2 oz,14.4,Liquid- Single Alcohol Free,SINGLE HERBAL LIQUID EXTRACTS (Alcohol & Alcohol-Free),,
4020951,371,Moringa Liquid Extract,Oleifera Moringa,Supports daily wellness & balanced body function.,1 oz,7.35,Liquid- Single,SINGLE HERBAL LIQUID EXTRACTS (Alcohol & Alcohol-Free),,
4004281,372,Motherwort Liquid Extract,Cardiaca Motherwort,Supports daily wellness & balanced body function.,1 oz,7.35,Liquid- Single,SINGLE HERBAL LIQUID EXTRACTS (Alcohol & Alcohol-Free),,
4004291,373,Mullein Liquid Extract,Select Mullein,Supports daily wellness & balanced body function.,1 oz,7.35,Liquid- Single,SINGLE HERBAL LIQUID EXTRACTS (Alcohol & Alcohol-Free),,
4004301,374,Myrrh Gum Liquid Extract,Select Myrrh Gum,Supports daily wellness & balanced body function.,1 oz,7.35,Liquid- Single,SINGLE HERBAL LIQUID EXTRACTS (Alcohol & Alcohol-Free),,
4004311,375,Neem Liquid Extract,Indica Neem,Supports daily wellness & balanced body function.,1 oz,7.35,Liquid- Single,SINGLE HERBAL LIQUID EXTRACTS (Alcohol & Alcohol-Free),,
4004321,376,Nettles Liquid Extract,Dioica Nettles,Supports daily wellness & balanced body function.,1 oz,7.35,Liquid- Single,SINGLE HERBAL LIQUID EXTRACTS (Alcohol & Alcohol-Free),,
4004611,377,Oat Seed Liquid Extract,Sativa Oat Seed,Supports daily wellness & balanced body function.,1 oz,7.35,Liquid- Single,SINGLE HERBAL LIQUID EXTRACTS (Alcohol & Alcohol-Free),,
4006681,378,Olive Leaf Liquid Extract,Europaea Olive Leaf,Supports daily wellness & balanced body function.,1 oz,7.35,Liquid- Single,SINGLE HERBAL LIQUID EXTRACTS (Alcohol & Alcohol-Free),,
4006682,378,Olive Leaf Liquid Extract,Europaea Olive Leaf,Supports daily wellness & balanced body function.,2 oz,13.55,Liquid- Single,SINGLE HERBAL LIQUID EXTRACTS (Alcohol & Alcohol-Free),,
4005141,379,Wild Oregano Oil 70% Liquid Extract,Vulgare Wild Oregano Oil 70%,Supports daily wellness & balanced body function.,1 oz,15.75,Liquid- Single Alcohol Free,SINGLE HERBAL LIQUID EXTRACTS (Alcohol & Alcohol-Free),,
4005142,379,Wild Oregano Oil 70% Liquid Extract,Vulgare Wild Oregano Oil 70%,Supports daily wellness & balanced body function.,2 oz,26.05,Liquid- Single Alcohol Free,SINGLE HERBAL LIQUID EXTRACTS (Alcohol & Alcohol-Free),,
4023011,380,Organic Oregano Oil 80% Liquid Extract,Vulgare Organic Oregano Oil 80%,Supports daily wellness & balanced body function.,1 oz,18.0,Liquid- Single,SINGLE HERBAL LIQUID EXTRACTS (Alcohol & Alcohol-Free),,
4023012,380,Organic Oregano Oil 80% Liquid Extract,Vulgare Organic Oregano Oil 80%,Supports daily wellness & balanced body function.,2 oz,30.5,Liquid- Single,SINGLE HERBAL LIQUID EXTRACTS (Alcohol & Alcohol-Free),,
4004351,381,Oregon Grape Root Liquid Extract,Aquafolium Oregon Grape Root,Supports daily wellness & balanced body function.,1 oz,7.35,Liquid- Single,SINGLE HERBAL LIQUID EXTRACTS (Alcohol & Alcohol-Free),,
4004361,382,Osha Liquid Extract,Porteri Osha,Supports daily wellness & balanced body function.,1 oz,8.0,Liquid- Single,SINGLE HERBAL LIQUID EXTRACTS (Alcohol & Alcohol-Free),,
4004371,383,Passion Flower Liquid Extract,Incarnata Passion Flower,Supports daily wellness & balanced body function.,1 oz,7.35,Liquid- Single,SINGLE HERBAL LIQUID EXTRACTS (Alcohol & Alcohol-Free),,
4004381,384,Pau D'Arco Liquid Extract,Impetiginosa Pau D'Arco,Supports daily wellness & balanced body function.,1 oz,7.35,Liquid- Single,SINGLE HERBAL LIQUID EXTRACTS (Alcohol & Alcohol-Free),,
4016431,385,Peppermint Spirits Alcohol-Free,Select Peppermint Spirits Alcohol-Free,Supports daily wellness & balanced body function.,1 oz,6.8,Liquid- Single Alcohol Free,SINGLE HERBAL LIQUID EXTRACTS (Alcohol & Alcohol-Free),,
4016871,386,Peppermint Spirits In Organic Alcohol,Select Peppermint Spirits In Organic Alcohol,Supports daily wellness & balanced body function.,1 oz,6.7,Liquid- Single,SINGLE HERBAL LIQUID EXTRACTS (Alcohol & Alcohol-Free),,
4004411,387,Propolis Liquid Extract,Select Propolis,Supports daily wellness & balanced body function.,1 oz,8.8,Liquid- Single,SINGLE HERBAL LIQUID EXTRACTS (Alcohol & Alcohol-Free),,
4004431,388,Red Clover Liquid Extract,Pratense Red Clover,Supports antioxidant & digestive wellness.,1 oz,7.35,Liquid- Single,SINGLE HERBAL LIQUID EXTRACTS (Alcohol & Alcohol-Free),,
4004441,389,Red Raspberry Liquid Extract,Idaeus Red Raspberry,Supports daily wellness & balanced body function.,1 oz,7.35,Liquid- Single,SINGLE HERBAL LIQUID EXTRACTS (Alcohol & Alcohol-Free),,
4023602,390,Reishi COG Liquid Alcohol-Free,Ganoderma Reishi Alcohol-Free,"Supports immune wellness, resilience & vitality.",2 oz,12.95,Liquid- Single Alcohol Free,SINGLE HERBAL LIQUID EXTRACTS (Alcohol & Alcohol-Free),,
4004461,391,Reishi Mushroom (Red) Liquid Extract,Ganoderma Reishi,"Supports immune wellness, resilience & vitality.",1 oz,8.3,Liquid- Single,SINGLE HERBAL LIQUID EXTRACTS (Alcohol & Alcohol-Free),,
4009341,392,Rhodiola Liquid Extract,Rosea Rhodiola,"Supports stress resilience, relaxation & vitality.",1 oz,9.45,Liquid- Single,SINGLE HERBAL LIQUID EXTRACTS (Alcohol & Alcohol-Free),,
4004471,393,Sarsaparilla Liquid Extract,Select Sarsaparilla,Supports daily wellness & balanced body function.,1 oz,7.35,Liquid- Single,SINGLE HERBAL LIQUID EXTRACTS (Alcohol & Alcohol-Free),,
4004481,394,Saw Palmetto Liquid Extract,Serrulata Saw Palmetto,Supports men’s prostate & urinary wellness.,1 oz,7.35,Liquid- Single,SINGLE HERBAL LIQUID EXTRACTS (Alcohol & Alcohol-Free),,
4006461,395,Schisandra Liquid Extract,Chinensis Schisandra,Supports daily wellness & balanced body function.,1 oz,7.55,Liquid- Single,SINGLE HERBAL LIQUID EXTRACTS (Alcohol & Alcohol-Free),,
4004491,396,Skullcap Liquid Extract,Lateriflora Skullcap,Supports daily wellness & balanced body function.,1 oz,7.35,Liquid- Single,SINGLE HERBAL LIQUID EXTRACTS (Alcohol & Alcohol-Free),,
4004511,397,Slippery Elm Liquid Extract,Fulva Slippery Elm,Supports digestive comfort & GI wellness.,1 oz,7.35,Liquid- Single,SINGLE HERBAL LIQUID EXTRACTS (Alcohol & Alcohol-Free),,
4004521,398,St. John's Wort Liquid Extract,Perforatum St. John's Wort,Supports daily wellness & balanced body function.,1 oz,7.35,Liquid- Single,SINGLE HERBAL LIQUID EXTRACTS (Alcohol & Alcohol-Free),,
4004522,398,St. John's Wort Liquid Extract,Perforatum St. John's Wort,Supports daily wellness & balanced body function.,2 oz,13.55,Liquid- Single,SINGLE HERBAL LIQUID EXTRACTS (Alcohol & Alcohol-Free),,
4004951,399,St. John's Wort Liquid Extract Alcohol-Free,Perforatum St. John's Wort Alcohol-Free,Supports daily wellness & balanced body function.,1 oz,7.8,Liquid- Single Alcohol Free,SINGLE HERBAL LIQUID EXTRACTS (Alcohol & Alcohol-Free),,
4007541,400,Thyme Liquid Extract,Thymus Thyme,Supports daily wellness & balanced body function.,1 oz,7.35,Liquid- Single,SINGLE HERBAL LIQUID EXTRACTS (Alcohol & Alcohol-Free),,
4023612,401,Turkey Tail COG Liquid Alcohol-Free,Trametes Turkey Tail Alcohol-Free,Supports daily wellness & balanced body function.,2 oz,12.95,Liquid- Single Alcohol Free,SINGLE HERBAL LIQUID EXTRACTS (Alcohol & Alcohol-Free),,
4004541,402,Turmeric Liquid Extract,Longa Turmeric,Supports joint comfort & a healthy inflammatory response.,1 oz,7.35,Liquid- Single,SINGLE HERBAL LIQUID EXTRACTS (Alcohol & Alcohol-Free),,
4004542,402,Turmeric Liquid Extract,Longa Turmeric,Supports joint comfort & a healthy inflammatory response.,2 oz,13.55,Liquid- Single,SINGLE HERBAL LIQUID EXTRACTS (Alcohol & Alcohol-Free),,
4016454,403,Umckaloabo Syrup,Select Umckaloabo Syrup,Supports daily wellness & balanced body function.,4 oz,10.0,Liquid- Single Alcohol Free,SINGLE HERBAL LIQUID EXTRACTS (Alcohol & Alcohol-Free),,
4004551,404,Usnea Liquid Extract,Select Usnea,Supports daily wellness & balanced body function.,1 oz,7.55,Liquid- Single,SINGLE HERBAL LIQUID EXTRACTS (Alcohol & Alcohol-Free),,
4004561,405,Uva Ursi Liquid Extract,Uva-ursi Uva Ursi,Supports urinary-tract & kidney wellness.,1 oz,7.35,Liquid- Single,SINGLE HERBAL LIQUID EXTRACTS (Alcohol & Alcohol-Free),,
4004571,406,Valerian Liquid Extract,Valeriana Valerian,Supports relaxation & restful sleep.,1 oz,7.55,Liquid- Single,SINGLE HERBAL LIQUID EXTRACTS (Alcohol & Alcohol-Free),,
4004572,406,Valerian Liquid Extract,Valeriana Valerian,Supports relaxation & restful sleep.,2 oz,13.95,Liquid- Single,SINGLE HERBAL LIQUID EXTRACTS (Alcohol & Alcohol-Free),,
4004961,407,Valerian Liquid Extract Alcohol-Free,Valeriana Valerian Alcohol-Free,Supports relaxation & restful sleep.,1 oz,7.95,Liquid- Single Alcohol Free,SINGLE HERBAL LIQUID EXTRACTS (Alcohol & Alcohol-Free),,
4004962,407,Valerian Liquid Extract Alcohol-Free,Valeriana Valerian Alcohol-Free,Supports relaxation & restful sleep.,2 oz,14.65,Liquid- Single Alcohol Free,SINGLE HERBAL LIQUID EXTRACTS (Alcohol & Alcohol-Free),,
4004581,408,White Willow Liquid Extract,Select White Willow,Supports daily wellness & balanced body function.,1 oz,7.35,Liquid- Single,SINGLE HERBAL LIQUID EXTRACTS (Alcohol & Alcohol-Free),,
4004591,409,Wild Cherry Liquid Extract,Virginiana Wild Cherry,Supports daily wellness & balanced body function.,1 oz,7.35,Liquid- Single,SINGLE HERBAL LIQUID EXTRACTS (Alcohol & Alcohol-Free),,
4004621,410,Wild Yam Liquid Extract,Villosa Wild Yam,Supports daily wellness & balanced body function.,1 oz,7.35,Liquid- Single,SINGLE HERBAL LIQUID EXTRACTS (Alcohol & Alcohol-Free),,
4004631,411,Wormwood Liquid Extract,Absinthium Wormwood,Supports daily wellness & balanced body function.,1 oz,7.35,Liquid- Single,SINGLE HERBAL LIQUID EXTRACTS (Alcohol & Alcohol-Free),,
4004641,412,Yarrow Liquid Extract,Millefolium Yarrow,Supports daily wellness & balanced body function.,1 oz,7.35,Liquid- Single,SINGLE HERBAL LIQUID EXTRACTS (Alcohol & Alcohol-Free),,
4004651,413,Yellow Dock Liquid Extract,Crispus Yellow Dock,Supports daily wellness & balanced body function.,1 oz,7.35,Liquid- Single,SINGLE HERBAL LIQUID EXTRACTS (Alcohol & Alcohol-Free),,
4004671,414,Yerba Santa Liquid Extract,Californica Yerba Santa,Supports daily wellness & balanced body function.,1 oz,8.0,Liquid- Single,SINGLE HERBAL LIQUID EXTRACTS (Alcohol & Alcohol-Free),,
4004681,415,Yohimbe Liquid Extract,Johimbe Yohimbe,Supports daily wellness & balanced body function.,1 oz,7.8,Liquid- Single,SINGLE HERBAL LIQUID EXTRACTS (Alcohol & Alcohol-Free),,
4004891,416,3 Echinacea Liquid Extract,Angustifolia 3 Echinacea,Supports immune function.,1 oz,7.55,Liquid- Formula,HERBAL FORMULA LIQUID EXTRACTS (Alcohol & Alcohol-Free),,
4006171,417,3 Echinacea Liquid Extract Alcohol-Free,Angustifolia 3 Echinacea Alcohol-Free,Supports immune function.,1 oz,7.95,Liquid- Formula Alcohol-Free,HERBAL FORMULA LIQUID EXTRACTS (Alcohol & Alcohol-Free),,
4016461,418,Acai Super Berry Antioxidant Liquid Extract,Acai Super Berry Antioxidant,Supports daily wellness & balanced body function.,1 oz,8.2,Liquid- Formula Alcohol-Free,HERBAL FORMULA LIQUID EXTRACTS (Alcohol & Alcohol-Free),,
4005321,419,Adren-Aid Liquid Extract,Adaptogen Vitality Complex,"Supports stress resilience, relaxation & vitality.",1 oz,7.35,Liquid- Formula,HERBAL FORMULA LIQUID EXTRACTS (Alcohol & Alcohol-Free),,
4005322,419,Adren-Aid Liquid Extract,Adaptogen Vitality Complex,"Supports stress resilience, relaxation & vitality.",2 oz,13.55,Liquid- Formula,HERBAL FORMULA LIQUID EXTRACTS (Alcohol & Alcohol-Free),,
4022821,420,Adrenal Rx Liquid Extract,Adaptogen Vitality Complex,"Supports stress resilience, relaxation & vitality.",1 oz,8.25,Liquid- Formula,HERBAL FORMULA LIQUID EXTRACTS (Alcohol & Alcohol-Free),,
4004701,421,Aller-Calm Liquid Extract,Aller-Calm,Supports eye & antioxidant wellness.,1 oz,7.35,Liquid- Formula,HERBAL FORMULA LIQUID EXTRACTS (Alcohol & Alcohol-Free),,
4004702,421,Aller-Calm Liquid Extract,Aller-Calm,Supports eye & antioxidant wellness.,2 oz,13.55,Liquid- Formula,HERBAL FORMULA LIQUID EXTRACTS (Alcohol & Alcohol-Free),,
4006121,422,Aller-Calm Liquid Extract Alcohol-Free,Aller-Calm Alcohol-Free,Supports eye & antioxidant wellness.,1 oz,7.8,Liquid- Formula Alcohol-Free,HERBAL FORMULA LIQUID EXTRACTS (Alcohol & Alcohol-Free),,
4005451,423,Anxiet-Ease Liquid Extract,Calm & Resilience Complex,"Supports stress resilience, relaxation & vitality.",1 oz,7.8,Liquid- Formula,HERBAL FORMULA LIQUID EXTRACTS (Alcohol & Alcohol-Free),,
4005452,423,Anxiet-Ease Liquid Extract,Calm & Resilience Complex,"Supports stress resilience, relaxation & vitality.",2 oz,14.4,Liquid- Formula,HERBAL FORMULA LIQUID EXTRACTS (Alcohol & Alcohol-Free),,
4009294,424,Be Clean Liquid Extract,Digestive Transit Support,Supports antioxidant & digestive wellness.,4 oz,12.15,Liquid- Formula Alcohol-Free,HERBAL FORMULA LIQUID EXTRACTS (Alcohol & Alcohol-Free),,
4016721,425,Breath Freshener Spray CinnaMint Liquid Extract Alcohol-Free,Respiratory Botanical Support – Alcohol-Free,Supports nutrient-rich daily wellness & antioxidant support.,1 oz,5.2,Liquid- Formula Alcohol-Free,HERBAL FORMULA LIQUID EXTRACTS (Alcohol & Alcohol-Free),,
4023171,426,Breath Freshener Spray VanillaMint Liquid Extract Alcohol-Free,Respiratory Botanical Support – Alcohol-Free,Supports nutrient-rich daily wellness & antioxidant support.,1 oz,5.2,Liquid- Formula Alcohol-Free,HERBAL FORMULA LIQUID EXTRACTS (Alcohol & Alcohol-Free),,
4008271,427,Bronchial Relief Liquid Extract,Respiratory Botanical Support,Supports respiratory wellness & comfortable breathing.,1 oz,7.35,Liquid- Formula,HERBAL FORMULA LIQUID EXTRACTS (Alcohol & Alcohol-Free),,
4008272,427,Bronchial Relief Liquid Extract,Respiratory Botanical Support,Supports respiratory wellness & comfortable breathing.,2 oz,13.55,Liquid- Formula,HERBAL FORMULA LIQUID EXTRACTS (Alcohol & Alcohol-Free),,
4019684,428,Bronchial Syrup,Respiratory Botanical Support,Supports digestive comfort & GI wellness.,4 oz,9.35,Liquid- Formula,HERBAL FORMULA LIQUID EXTRACTS (Alcohol & Alcohol-Free),,
4012991,429,Chlorophyll Formula Liquid Extract Alcohol-Free,Chlorophyll Formula Alcohol-Free,Supports nutrient-rich daily wellness & antioxidant support.,1 oz,7.35,Liquid- Formula Alcohol-Free,HERBAL FORMULA LIQUID EXTRACTS (Alcohol & Alcohol-Free),,
4012992,429,Chlorophyll Formula Liquid Extract Alcohol-Free,Chlorophyll Formula Alcohol-Free,Supports nutrient-rich daily wellness & antioxidant support.,2 oz,13.55,Liquid- Formula Alcohol-Free,HERBAL FORMULA LIQUID EXTRACTS (Alcohol & Alcohol-Free),,
4008951,430,Colloidal Silver Plus Oral Drops,Select Colloidal Silver,Supports daily wellness & balanced body function.,1 oz,6.1,Liquid- Formula,HERBAL FORMULA LIQUID EXTRACTS (Alcohol & Alcohol-Free),,
4008952,430,Colloidal Silver Plus Oral Drops,Select Colloidal Silver,Supports daily wellness & balanced body function.,2 oz,11.3,Liquid- Formula,HERBAL FORMULA LIQUID EXTRACTS (Alcohol & Alcohol-Free),,
4008961,431,Colloidal Silver Plus Topical Spray,Select Colloidal Silver,Supports daily wellness & balanced body function.,1 oz,6.5,Liquid- Formula,HERBAL FORMULA LIQUID EXTRACTS (Alcohol & Alcohol-Free),,
4008962,431,Colloidal Silver Plus Topical Spray,Select Colloidal Silver,Supports daily wellness & balanced body function.,2 oz,12.0,Liquid- Formula,HERBAL FORMULA LIQUID EXTRACTS (Alcohol & Alcohol-Free),,
4004711,432,Detoxify Liquid Extract,Liver Wellness Complex,Supports antioxidant & digestive wellness.,1 oz,7.55,Liquid- Formula,HERBAL FORMULA LIQUID EXTRACTS (Alcohol & Alcohol-Free),,
4004712,432,Detoxify Liquid Extract,Liver Wellness Complex,Supports antioxidant & digestive wellness.,2 oz,13.95,Liquid- Formula,HERBAL FORMULA LIQUID EXTRACTS (Alcohol & Alcohol-Free),,
4006151,433,Detoxify Liquid Extract Alcohol-Free,Liver Wellness Complex – Alcohol-Free,Supports antioxidant & digestive wellness.,1 oz,7.95,Liquid- Formula Alcohol-Free,HERBAL FORMULA LIQUID EXTRACTS (Alcohol & Alcohol-Free),,
4004721,434,Digest-Ease Liquid Extract,Digestive Comfort Complex,Supports digestive comfort & digestive function.,1 oz,7.55,Liquid- Formula,HERBAL FORMULA LIQUID EXTRACTS (Alcohol & Alcohol-Free),,
4004722,434,Digest-Ease Liquid Extract,Digestive Comfort Complex,Supports digestive comfort & digestive function.,2 oz,13.95,Liquid- Formula,HERBAL FORMULA LIQUID EXTRACTS (Alcohol & Alcohol-Free),,
4006161,435,Digest-Ease Liquid Extract Alcohol-Free,Digestive Comfort Complex – Alcohol-Free,Supports digestive comfort & digestive function.,1 oz,7.95,Liquid- Formula Alcohol-Free,HERBAL FORMULA LIQUID EXTRACTS (Alcohol & Alcohol-Free),,
4022181,436,Digestive Bitters Citrus Spray,Digestive Comfort Complex,Supports liver & digestive wellness.,1 oz,7.55,Liquid- Formula,HERBAL FORMULA LIQUID EXTRACTS (Alcohol & Alcohol-Free),,
4022191,437,Digestive Bitters Mint Spray,Digestive Comfort Complex,Supports liver & digestive wellness.,1 oz,7.55,Liquid- Formula,HERBAL FORMULA LIQUID EXTRACTS (Alcohol & Alcohol-Free),,
4004741,438,Echinacea-Goldenseal Complex Liquid Extract,Immune Botanical Complex,Supports immune function.,1 oz,8.0,Liquid- Formula,HERBAL FORMULA LIQUID EXTRACTS (Alcohol & Alcohol-Free),,
4004742,438,Echinacea-Goldenseal Complex Liquid Extract,Immune Botanical Complex,Supports immune function.,2 oz,14.55,Liquid- Formula,HERBAL FORMULA LIQUID EXTRACTS (Alcohol & Alcohol-Free),,
4006181,439,Echinacea-Goldenseal Complex Liquid Extract Alcohol Free,Immune Botanical Complex – Alcohol-Free,Supports immune function.,1 oz,8.4,Liquid- Formula Alcohol-Free,HERBAL FORMULA LIQUID EXTRACTS (Alcohol & Alcohol-Free),,
4006182,439,Echinacea-Goldenseal Complex Liquid Extract Alcohol Free,Immune Botanical Complex – Alcohol-Free,Supports immune function.,2 oz,15.3,Liquid- Formula Alcohol-Free,HERBAL FORMULA LIQUID EXTRACTS (Alcohol & Alcohol-Free),,
4004751,440,Fem-Cycle (PMS Formula) Liquid Extract,Women’s Cycle Support,Supports women’s wellness & healthy hormonal balance.,1 oz,7.55,Liquid- Formula,HERBAL FORMULA LIQUID EXTRACTS (Alcohol & Alcohol-Free),,
4004752,440,Fem-Cycle (PMS Formula) Liquid Extract,Women’s Cycle Support,Supports women’s wellness & healthy hormonal balance.,2 oz,13.95,Liquid- Formula,HERBAL FORMULA LIQUID EXTRACTS (Alcohol & Alcohol-Free),,
4004761,441,Fem-Silver (Menopause Formula) Liquid Extract,Women’s Midlife Support,Supports women’s wellness & healthy hormonal balance.,1 oz,7.55,Liquid- Formula,HERBAL FORMULA LIQUID EXTRACTS (Alcohol & Alcohol-Free),,
4006701,442,Fertility-Preg Liquid Extract Alcohol-Free,Women’s Preconception Botanical Support – Alcohol-Free,Supports antioxidant & digestive wellness.,1 oz,7.55,Liquid- Formula Alcohol-Free,HERBAL FORMULA LIQUID EXTRACTS (Alcohol & Alcohol-Free),,
4006702,442,Fertility-Preg Liquid Extract Alcohol-Free,Women’s Preconception Botanical Support – Alcohol-Free,Supports antioxidant & digestive wellness.,2 oz,13.95,Liquid- Formula Alcohol-Free,HERBAL FORMULA LIQUID EXTRACTS (Alcohol & Alcohol-Free),,
4010234,443,Ginger Zinger Bronchial Syrup,Respiratory Botanical Support,Supports respiratory wellness & comfortable breathing.,4 oz,7.85,Liquid- Formula Alcohol-Free,HERBAL FORMULA LIQUID EXTRACTS (Alcohol & Alcohol-Free),,
4010244,444,Ginger Zinger Energy Syrup,Energy & Vitality Complex,"Supports memory, focus & cognitive wellness.",4 oz,7.85,Liquid- Formula Alcohol-Free,HERBAL FORMULA LIQUID EXTRACTS (Alcohol & Alcohol-Free),,
4010254,445,Ginger Zinger Immune Syrup,Immune Botanical Complex,Supports immune function.,4 oz,7.85,Liquid- Formula Alcohol-Free,HERBAL FORMULA LIQUID EXTRACTS (Alcohol & Alcohol-Free),,
4010224,446,Ginger Zinger Syrup,Organic Ginger Zinger Syrup,Supports digestive comfort & digestive function.,4 oz,7.85,Liquid- Formula Alcohol-Free,HERBAL FORMULA LIQUID EXTRACTS (Alcohol & Alcohol-Free),,
4004771,447,Ginseng Master Liquid Extract,Energy & Vitality Complex,"Supports memory, focus & cognitive wellness.",1 oz,8.4,Liquid- Formula,HERBAL FORMULA LIQUID EXTRACTS (Alcohol & Alcohol-Free),,
4004772,447,Ginseng Master Liquid Extract,Energy & Vitality Complex,"Supports memory, focus & cognitive wellness.",2 oz,15.2,Liquid- Formula,HERBAL FORMULA LIQUID EXTRACTS (Alcohol & Alcohol-Free),,
4006191,448,Ginseng Master Liquid Extract Alcohol-Free,Energy & Vitality Complex – Alcohol-Free,"Supports memory, focus & cognitive wellness.",1 oz,8.8,Liquid- Formula Alcohol-Free,HERBAL FORMULA LIQUID EXTRACTS (Alcohol & Alcohol-Free),,
4007791,449,Green Tea Formula Liquid Extract,Green Tea Formula,Supports daily wellness & balanced body function.,1 oz,7.55,Liquid- Formula Alcohol-Free,HERBAL FORMULA LIQUID EXTRACTS (Alcohol & Alcohol-Free),,
4007792,449,Green Tea Formula Liquid Extract,Green Tea Formula,Supports daily wellness & balanced body function.,2 oz,13.95,Liquid- Formula Alcohol-Free,HERBAL FORMULA LIQUID EXTRACTS (Alcohol & Alcohol-Free),,
4005251,450,Green Walnut Complex Liquid Extract,Intestinal Botanical Balance,Supports digestive & intestinal wellness.,1 oz,7.55,Liquid- Formula,HERBAL FORMULA LIQUID EXTRACTS (Alcohol & Alcohol-Free),,
4005261,451,Gum Tonic Liquid Extract,Oral & Gum Botanical Support,Supports daily wellness & balanced body function.,1 oz,7.55,Liquid- Formula,HERBAL FORMULA LIQUID EXTRACTS (Alcohol & Alcohol-Free),,
4005271,452,Head-Aid Liquid Extract,Head Comfort Botanical Support,Supports digestive comfort & digestive function.,1 oz,7.55,Liquid- Formula,HERBAL FORMULA LIQUID EXTRACTS (Alcohol & Alcohol-Free),,
4005411,453,Heart Formula Liquid Extract,Cardiovascular Support Complex,Supports liver & digestive wellness.,1 oz,7.55,Liquid- Formula,HERBAL FORMULA LIQUID EXTRACTS (Alcohol & Alcohol-Free),,
4005691,454,Herp-Ease Liquid Extract,Immune & Skin Wellness Support,Supports joint comfort & a healthy inflammatory response.,1 oz,7.55,Liquid- Formula,HERBAL FORMULA LIQUID EXTRACTS (Alcohol & Alcohol-Free),,
4016681,455,Immuno Well Rx Liquid Extract,Immune Botanical Complex,Supports immune function.,1 oz,7.7,Liquid- Formula,HERBAL FORMULA LIQUID EXTRACTS (Alcohol & Alcohol-Free),,
4004781,456,Immuno-Tonic Liquid Extract,Immune Botanical Complex,"Supports stress resilience, relaxation & vitality.",1 oz,7.55,Liquid- Formula,HERBAL FORMULA LIQUID EXTRACTS (Alcohol & Alcohol-Free),,
4004791,457,Joint Tonic Liquid Extract,Joint Comfort Complex,Supports women’s wellness & healthy hormonal balance.,1 oz,7.55,Liquid- Formula,HERBAL FORMULA LIQUID EXTRACTS (Alcohol & Alcohol-Free),,
4006131,458,Kava Gold Alcohol-Free,Calm & Resilience Complex – Alcohol-Free,"Supports stress resilience, relaxation & vitality.",1 oz,8.8,Liquid- Formula Alcohol-Free,HERBAL FORMULA LIQUID EXTRACTS (Alcohol & Alcohol-Free),,
4004801,459,Kava Gold Liquid Extract,Calm & Resilience Complex,"Supports stress resilience, relaxation & vitality.",1 oz,8.4,Liquid- Formula,HERBAL FORMULA LIQUID EXTRACTS (Alcohol & Alcohol-Free),,
4004802,459,Kava Gold Liquid Extract,Calm & Resilience Complex,"Supports stress resilience, relaxation & vitality.",2 oz,15.3,Liquid- Formula,HERBAL FORMULA LIQUID EXTRACTS (Alcohol & Alcohol-Free),,
4006241,460,Liver Detox Alcohol-Free,Liver Wellness Complex – Alcohol-Free,Supports liver & digestive wellness.,1 oz,7.95,Liquid- Formula Alcohol-Free,HERBAL FORMULA LIQUID EXTRACTS (Alcohol & Alcohol-Free),,
4006242,460,Liver Detox Alcohol-Free,Liver Wellness Complex – Alcohol-Free,Supports liver & digestive wellness.,2 oz,14.65,Liquid- Formula Alcohol-Free,HERBAL FORMULA LIQUID EXTRACTS (Alcohol & Alcohol-Free),,
4004811,461,Liver Detox Liquid Extract,Liver Wellness Complex,Supports liver & digestive wellness.,1 oz,7.55,Liquid- Formula,HERBAL FORMULA LIQUID EXTRACTS (Alcohol & Alcohol-Free),,
4004812,461,Liver Detox Liquid Extract,Liver Wellness Complex,Supports liver & digestive wellness.,2 oz,13.95,Liquid- Formula,HERBAL FORMULA LIQUID EXTRACTS (Alcohol & Alcohol-Free),,
4016712,462,Lustrous Hair Liquid Extract,"Hair, Skin & Nail Support",Supports immune wellness & vitality.,2 oz,13.95,Liquid- Formula,HERBAL FORMULA LIQUID EXTRACTS (Alcohol & Alcohol-Free),,
4004821,463,Lymph Tonic Liquid Extract,Lymphatic Wellness Support,Supports immune wellness & vitality.,1 oz,7.9,Liquid- Formula,HERBAL FORMULA LIQUID EXTRACTS (Alcohol & Alcohol-Free),,
4004822,463,Lymph Tonic Liquid Extract,Lymphatic Wellness Support,Supports immune wellness & vitality.,2 oz,14.25,Liquid- Formula,HERBAL FORMULA LIQUID EXTRACTS (Alcohol & Alcohol-Free),,
4016511,464,Male Virility Liquid Extract,Men’s Vitality Support,"Supports stress resilience, relaxation & vitality.",1 oz,7.9,Liquid- Formula,HERBAL FORMULA LIQUID EXTRACTS (Alcohol & Alcohol-Free),,
4004831,465,Men's Silver (Prostate Formula) Liquid Extract,Men’s Prostate & Urinary Support,Supports joint comfort & a healthy inflammatory response.,1 oz,7.55,Liquid- Formula,HERBAL FORMULA LIQUID EXTRACTS (Alcohol & Alcohol-Free),,
4006721,466,Mental Master Liquid Extract,Cognitive Focus Complex,"Supports memory, focus & cognitive wellness.",1 oz,7.55,Liquid- Formula,HERBAL FORMULA LIQUID EXTRACTS (Alcohol & Alcohol-Free),,
4019992,467,Mushroom Immune Liquid Extract Alcohol-Free,Immune Botanical Complex – Alcohol-Free,"Supports memory, focus & cognitive wellness.",2 oz,15.0,Liquid- Formula Alcohol-Free,HERBAL FORMULA LIQUID EXTRACTS (Alcohol & Alcohol-Free),,
4004841,468,Mushroom Master Liquid Extract,Select Mushroom Master,"Supports stress resilience, relaxation & vitality.",1 oz,8.4,Liquid- Formula,HERBAL FORMULA LIQUID EXTRACTS (Alcohol & Alcohol-Free),,
4008852,469,Oak & Ivy Topical Spray,Select Oak & Ivy Topical Spray,Supports daily wellness & balanced body function.,2 oz,8.0,Liquid- Formula,HERBAL FORMULA LIQUID EXTRACTS (Alcohol & Alcohol-Free),,
4004851,470,Parasite Liquid Extract,Intestinal Botanical Balance,Supports digestive & intestinal wellness.,1 oz,7.55,Liquid- Formula,HERBAL FORMULA LIQUID EXTRACTS (Alcohol & Alcohol-Free),,
4004852,470,Parasite Liquid Extract,Intestinal Botanical Balance,Supports digestive & intestinal wellness.,2 oz,13.95,Liquid- Formula,HERBAL FORMULA LIQUID EXTRACTS (Alcohol & Alcohol-Free),,
4011061,471,Peppermint Breath Spray,Select Peppermint Breath Spray,Supports nutrient-rich daily wellness & antioxidant support.,1 oz,4.7,Liquid- Formula,HERBAL FORMULA LIQUID EXTRACTS (Alcohol & Alcohol-Free),,
4004861,472,Relax Liquid Extract,Select Relax,Supports relaxation & restful sleep.,1 oz,7.55,Liquid- Formula,HERBAL FORMULA LIQUID EXTRACTS (Alcohol & Alcohol-Free),,
4004862,472,Relax Liquid Extract,Select Relax,Supports relaxation & restful sleep.,2 oz,13.95,Liquid- Formula,HERBAL FORMULA LIQUID EXTRACTS (Alcohol & Alcohol-Free),,
4006291,473,Relax Liquid Extract Alcohol-Free,Select Relax Alcohol-Free,Supports relaxation & restful sleep.,1 oz,7.95,Liquid- Formula Alcohol-Free,HERBAL FORMULA LIQUID EXTRACTS (Alcohol & Alcohol-Free),,
4004871,474,Respir-Ease Liquid Extract,Select Respir-Ease,Supports daily wellness & balanced body function.,1 oz,7.55,Liquid- Formula,HERBAL FORMULA LIQUID EXTRACTS (Alcohol & Alcohol-Free),,
4004872,474,Respir-Ease Liquid Extract,Select Respir-Ease,Supports daily wellness & balanced body function.,2 oz,13.95,Liquid- Formula,HERBAL FORMULA LIQUID EXTRACTS (Alcohol & Alcohol-Free),,
4006301,475,Respir-Ease Liquid Extract Alcohol-Free,Select Respir-Ease Alcohol-Free,Supports daily wellness & balanced body function.,1 oz,7.95,Liquid- Formula Alcohol-Free,HERBAL FORMULA LIQUID EXTRACTS (Alcohol & Alcohol-Free),,
4017524,476,Sambucus Elderberry Syrup Alcohol-Free,Organic Sambucus Elderberry Syrup Alcohol-Free,Supports immune function.,4 oz,9.45,Liquid- Formula Alcohol-Free,HERBAL FORMULA LIQUID EXTRACTS (Alcohol & Alcohol-Free),,
4011881,477,Sinus Blaster Liquid Extract,Angustifolia Sinus Blaster,Supports immune function.,1 oz,9.0,Liquid- Formula,HERBAL FORMULA LIQUID EXTRACTS (Alcohol & Alcohol-Free),,
4011882,477,Sinus Blaster Liquid Extract,Angustifolia Sinus Blaster,Supports immune function.,2 oz,17.0,Liquid- Formula,HERBAL FORMULA LIQUID EXTRACTS (Alcohol & Alcohol-Free),,
4023441,478,Sinus Blaster Liquid Extract Alcohol-Free,Angustifolia Sinus Blaster Alcohol-Free,Supports immune function.,1 oz,9.6,Liquid- Formula Alcohol-Free,HERBAL FORMULA LIQUID EXTRACTS (Alcohol & Alcohol-Free),,
4015941,479,Sinus Blaster Spray,Organic Sinus Blaster Spray,Supports immune function.,1 oz,9.2,Liquid- Formula,HERBAL FORMULA LIQUID EXTRACTS (Alcohol & Alcohol-Free),,
4008281,480,Sinus Relief Liquid Extract,Select Sinus Relief,Supports daily wellness & balanced body function.,1 oz,7.8,Liquid- Formula,HERBAL FORMULA LIQUID EXTRACTS (Alcohol & Alcohol-Free),,
4012301,481,Sleep With Valerian And Melatonin Liquid Extract,Rest & Sleep Support,Supports relaxation & restful sleep.,1 oz,7.8,Liquid- Formula,HERBAL FORMULA LIQUID EXTRACTS (Alcohol & Alcohol-Free),,
4023022,482,Stone Breaker Liquid Extract,Select Stone Breaker,Supports digestive comfort & GI wellness.,2 oz,13.95,Liquid- Formula,HERBAL FORMULA LIQUID EXTRACTS (Alcohol & Alcohol-Free),,
4022811,483,Stress-Ease Liquid Extract,Calm & Resilience Complex,"Supports memory, focus & cognitive wellness.",1 oz,7.85,Liquid- Formula,HERBAL FORMULA LIQUID EXTRACTS (Alcohol & Alcohol-Free),,
4008691,484,Throat Spray Relief Liquid Extract,Angustifolia Throat Spray Relief,Supports digestive comfort & GI wellness.,1 oz,7.55,Liquid- Formula Alcohol-Free,HERBAL FORMULA LIQUID EXTRACTS (Alcohol & Alcohol-Free),,
4004731,485,UT Balance Liquid Extract,UT Balance,Supports digestive comfort & GI wellness.,1 oz,7.55,Liquid- Formula,HERBAL FORMULA LIQUID EXTRACTS (Alcohol & Alcohol-Free),,
4004732,485,UT Balance Liquid Extract,UT Balance,Supports digestive comfort & GI wellness.,2 oz,13.95,Liquid- Formula,HERBAL FORMULA LIQUID EXTRACTS (Alcohol & Alcohol-Free),,
4006751,486,Woman's Energy Balance Liquid Extract,Woman's Energy Balance,"Supports memory, focus & cognitive wellness.",1 oz,7.55,Liquid- Formula,HERBAL FORMULA LIQUID EXTRACTS (Alcohol & Alcohol-Free),,
4016501,487,Yeast Buster Liquid Extract,Select Yeast Buster,Supports digestive & intestinal wellness.,1 oz,7.55,Liquid- Formula,HERBAL FORMULA LIQUID EXTRACTS (Alcohol & Alcohol-Free),,
4005601,488,Yin Chiao Plus Liquid Extract,Select Yin Chiao Plus,Supports daily wellness & balanced body function.,1 oz,7.55,Liquid- Formula,HERBAL FORMULA LIQUID EXTRACTS (Alcohol & Alcohol-Free),,
4005281,489,Zzzzz Liquid Extract,Select Zzzzz,Supports daily wellness & balanced body function.,1 oz,7.55,Liquid- Formula,HERBAL FORMULA LIQUID EXTRACTS (Alcohol & Alcohol-Free),,
4006311,490,Zzzzz Liquid Extract Alcohol-Free,Select Zzzzz Alcohol-Free,Supports daily wellness & balanced body function.,1 oz,7.95,Liquid- Formula Alcohol-Free,HERBAL FORMULA LIQUID EXTRACTS (Alcohol & Alcohol-Free),,
4022941,491,CBD 20mg Full Spectrum Liquid ,Full Spectrum CBD 20mg Full Spectrum,Supports daily wellness & balanced body function.,1 oz,15.0,CBD Liquid- Full,CBD,,
4022961,492,CBD 35mg Full Spectrum Liquid Extract,Full Spectrum CBD 35mg Full Spectrum,Supports daily wellness & balanced body function.,1 oz,21.0,CBD Liquid- Full,CBD,,
4022971,493,CBD 50mg Full Spectrum Chocolate Mint Liquid ,Full Spectrum CBD 50mg Full Spectrum Chocolate Mint,Supports daily wellness & balanced body function.,1 oz,26.0,CBD Liquid- Full,CBD,,
4022901,494,CBD 35mg Broad Spectrum Liquid Extract Liquid,Organic CBD 35mg Broad Spectrum,Supports daily wellness & balanced body function.,1 oz,13.0,CBD Liquid- Broad,CBD,,
4023191,495,CBD Muscle and Joint Relief 900 mg,Joint Comfort Complex,Supports joint comfort & a healthy inflammatory response.,1 oz,16.0,CBD Topical,CBD,,
4023110,496,CBD Sleep 30mg Liquid Capsules,Rest & Sleep Support,Supports relaxation & restful sleep.,30 vcp,22.0,CBD Capsules- Liquid,CBD,,
4023120,497,CBD Stress Adapt 30mg Liquid Capsules,Calm & Resilience Complex,"Supports stress resilience, relaxation & vitality.",30 vcp,22.0,CBD Capsules- Liquid,CBD,,
4013021,498,B Complex,B Complex,"Supports healthy hair, skin & nails.",1 oz,6.9,Liquid- Vitamins and Minerals ,VITAMINS & MINERALS  (Alcohol Free),,
4013022,498,B Complex,B Complex,"Supports healthy hair, skin & nails.",2 oz,12.85,Liquid- Vitamins and Minerals ,VITAMINS & MINERALS  (Alcohol Free),,
4013011,499,B12 Drops (1000mcg),Select B12 Drops (1000mcg),Supports daily wellness & balanced body function.,1 oz,6.25,Liquid- Vitamins and Minerals ,VITAMINS & MINERALS  (Alcohol Free),,
4013012,500,B12 Drops (1000 Mcg),Select B12 Drops (1000 Mcg),Supports daily wellness & balanced body function.,2 oz,11.65,Liquid- Vitamins and Minerals ,VITAMINS & MINERALS  (Alcohol Free),,
4017601,501,B12 Drops (5000 Mcg),Select B12 Drops (5000 Mcg),Supports daily wellness & balanced body function.,1 oz,10.45,Liquid- Vitamins and Minerals ,VITAMINS & MINERALS  (Alcohol Free),,
4016771,502,B12 Spray (500 Mcg),Select B12 Spray (500 Mcg),Supports daily wellness & balanced body function.,1 oz,8.35,Liquid- Vitamins and Minerals ,VITAMINS & MINERALS  (Alcohol Free),,
4016781,503,B12 W/ Folic Acid & Vitamin B6,Concentrated B12 W/ Folic Acid & Vitamin B6,Supports daily wellness & balanced body function.,1 oz,6.6,Liquid- Vitamins and Minerals ,VITAMINS & MINERALS  (Alcohol Free),,
4017614,504,Liquid C (500MG),Select C (500MG),"Supports bone, muscle & mineral wellness.",4 oz,6.2,Liquid- Vitamins and Minerals ,VITAMINS & MINERALS  (Alcohol Free),,
4020521,505,D3 50Mcg (2000 IU) Unflavored,Select D3 50Mcg (2000 IU) Unflavored,"Supports bone, muscle & mineral wellness.",1 oz,5.75,Liquid- Vitamins and Minerals ,VITAMINS & MINERALS  (Alcohol Free),,
4020551,506,D3 125Mcg (5000 IU) Unflavored,Select D3 125Mcg (5000 IU) Unflavored,"Supports bone, muscle & mineral wellness.",1 oz,7.35,Liquid- Vitamins and Minerals ,VITAMINS & MINERALS  (Alcohol Free),,
4020531,507,D3 50Mcg (2000 IU) Citrus,Select D3 50Mcg (2000 IU) Citrus,"Supports bone, muscle & mineral wellness.",1 oz,5.75,Liquid- Vitamins and Minerals ,VITAMINS & MINERALS  (Alcohol Free),,
4020561,508,D3 125Mcg (5000 IU) Citrus,Select D3 125Mcg (5000 IU) Citrus,"Supports bone, muscle & mineral wellness.",1 oz,7.35,Liquid- Vitamins and Minerals ,VITAMINS & MINERALS  (Alcohol Free),,
4020541,509,D3 50Mcg (2000 IU) Mint,Select D3 50Mcg (2000 IU) Mint,"Supports bone, muscle & mineral wellness.",1 oz,5.75,Liquid- Vitamins and Minerals ,VITAMINS & MINERALS  (Alcohol Free),,
4020571,510,D3 125Mcg (5000 IU) Mint,Select D3 125Mcg (5000 IU) Mint,"Supports bone, muscle & mineral wellness.",1 oz,7.35,Liquid- Vitamins and Minerals ,VITAMINS & MINERALS  (Alcohol Free),,
4023031,511,D3 + K2 (Certified Organic),Select D3 + K2 (Certified Organic),"Supports bone, muscle & mineral wellness.",1 oz,11.5,Liquid- Vitamins and Minerals ,VITAMINS & MINERALS  (Alcohol Free),,
4017531,512,Folinic Acid (From Calcium Folinate),Select Folinic Acid (From Calcium Folinate),"Supports bone, muscle & mineral wellness.",1 oz,8.4,Liquid- Vitamins and Minerals ,VITAMINS & MINERALS  (Alcohol Free),,
4017652,513,Iodine,Select Iodine,Supports healthy thyroid function & metabolic wellness.,2 oz,5.4,Liquid- Vitamins and Minerals ,VITAMINS & MINERALS  (Alcohol Free),,
4016692,514,Iodine W/ Kelp,Select Iodine W/ Kelp,Supports healthy thyroid function & metabolic wellness.,2 oz,5.55,Liquid- Vitamins and Minerals ,VITAMINS & MINERALS  (Alcohol Free),,
4020594,515,Liquid Iron,Select Iron,Supports daily wellness & balanced body function.,4 oz,7.9,Liquid- Vitamins and Minerals ,VITAMINS & MINERALS  (Alcohol Free),,
4013002,516,Melatonin,Select Melatonin,Supports relaxation & restful sleep.,2 oz,5.95,Liquid- Vitamins and Minerals ,VITAMINS & MINERALS  (Alcohol Free),,
4021104,517,Zinc (Elderberry Umckaloabo),Organic Zinc (Elderberry Umckaloabo),Supports immune function.,4 oz,7.7,Liquid- Vitamins and Minerals ,VITAMINS & MINERALS  (Alcohol Free),,
4006781,518,Kid's Aller-Calm Liquid Extract,Kid's Aller-Calm,Supports eye & antioxidant wellness.,1 oz,7.35,Liquid- Formula Kid's,KID'S FORMULAS (Alcohol-free),,
4006831,519,Kid's Attention Plus Liquid Extract,Select Kid's Attention Plus,"Supports memory, focus & cognitive wellness.",1 oz,7.35,Liquid- Formula Kid's,KID'S FORMULAS (Alcohol-free),,
4022491,520,Kid's Biotic Liquid Extract,Purpurea Kid's Biotic,Supports immune function.,1 oz,7.35,Liquid- Formula Kid's,KID'S FORMULAS (Alcohol-free),,
4006871,521,Kid's Bronchial Liquid Extract,Respiratory Botanical Support,Supports respiratory wellness & comfortable breathing.,1 oz,7.35,Liquid- Formula Kid's,KID'S FORMULAS (Alcohol-free),,
4020581,522,Kid's Vitamin D3 400 IU Grape Flavor Liquid Extract,Select Kid's Vitamin D3 400 IU Grape Flavor,"Supports bone, muscle & mineral wellness.",1 oz,5.75,Liquid- Formula Kid's,KID'S FORMULAS (Alcohol-free),,
4006821,523,Kid's Ear Clear Oil Liquid Extract,Select Kid's Ear Clear Oil,Supports daily wellness & balanced body function.,1 oz,7.55,Liquid- Formula Kid's,KID'S FORMULAS (Alcohol-free),,
4022481,524,Kid's Echinacea Plus Liquid Extract,Angustifolia Kid's Echinacea Plus,Supports immune function.,1 oz,7.35,Liquid- Formula Kid's,KID'S FORMULAS (Alcohol-free),,
4006811,525,Kid's Mellow Plus Liquid Extract,Select Kid's Mellow Plus,Supports relaxation & restful sleep.,1 oz,7.35,Liquid- Formula Kid's,KID'S FORMULAS (Alcohol-free),,
4006841,526,Kid's Potty Helper Liquid Extract,Select Kid's Potty Helper,Supports digestive comfort & GI wellness.,1 oz,7.35,Liquid- Formula Kid's,KID'S FORMULAS (Alcohol-free),,
4007751,527,Stevia,Concentrated Stevia,Supports daily wellness & balanced body function.,1 oz,5.0,Liquid- Single Alcohol Free,STEVIA  (Alcohol Free),,
4007752,527,Stevia,Concentrated Stevia,Supports daily wellness & balanced body function.,2 oz,7.3,Liquid- Single Alcohol Free,STEVIA  (Alcohol Free),,
4007754,527,Stevia,Concentrated Stevia,Supports daily wellness & balanced body function.,4 oz,13.0,Liquid- Single Alcohol Free,STEVIA  (Alcohol Free),,
4021631,528,Organic Stevia,Organic Organic Stevia,Supports daily wellness & balanced body function.,1 oz,5.6,Liquid- Single Alcohol Free,STEVIA  (Alcohol Free),,
4021632,528,Organic Stevia,Organic Organic Stevia,Supports daily wellness & balanced body function.,2 oz,8.3,Liquid- Single Alcohol Free,STEVIA  (Alcohol Free),,
4021634,528,Organic Stevia,Organic Organic Stevia,Supports daily wellness & balanced body function.,4 oz,15.0,Liquid- Single Alcohol Free,STEVIA  (Alcohol Free),,
4020602,529,Carmel Stevia,Concentrated Carmel Stevia,Supports daily wellness & balanced body function.,2 oz,7.7,Liquid- Single Alcohol Free,STEVIA  (Alcohol Free),,
4017542,530,Chocolate Stevia,Concentrated Chocolate Stevia,Supports daily wellness & balanced body function.,2 oz,7.7,Liquid- Single Alcohol Free,STEVIA  (Alcohol Free),,
4017552,531,Cinnamon Stevia,Concentrated Cinnamon Stevia,Supports antioxidant wellness & healthy metabolic function.,2 oz,7.7,Liquid- Single Alcohol Free,STEVIA  (Alcohol Free),,
4020612,532,Hazelnut Stevia,Concentrated Hazelnut Stevia,Supports daily wellness & balanced body function.,2 oz,7.7,Liquid- Single Alcohol Free,STEVIA  (Alcohol Free),,
4017572,533,Orange Stevia,Concentrated Orange Stevia,Supports daily wellness & balanced body function.,2 oz,7.7,Liquid- Single Alcohol Free,STEVIA  (Alcohol Free),,
4017582,534,Peppermint Stevia,Concentrated Peppermint Stevia,Supports daily wellness & balanced body function.,2 oz,7.7,Liquid- Single Alcohol Free,STEVIA  (Alcohol Free),,
4017592,535,Vanilla Stevia,Concentrated Vanilla Stevia,Supports daily wellness & balanced body function.,2 oz,7.7,Liquid- Single Alcohol Free,STEVIA  (Alcohol Free),,
4022294,536,Almond (Sweet) Oil,Select Almond (Sweet) Oil,Supports daily wellness & balanced body function.,4 oz,7.0,Carrier Oils,CARRIER OILS,,
4022302,537,Organic Argan (Virgin) Oil,Select Organic Argan (Virgin) Oil,Supports daily wellness & balanced body function.,2 oz,11.5,Carrier Oils,CARRIER OILS,,
4022314,538,Avocado Oil,Select Avocado Oil,Supports daily wellness & balanced body function.,4 oz,7.0,Carrier Oils,CARRIER OILS,,
4022324,539,Castor Oil,Select Castor Oil,Supports daily wellness & balanced body function.,4 oz,6.5,Carrier Oils,CARRIER OILS,,
4022334,540,Grapeseed Oil,Select Grapeseed Oil,Supports daily wellness & balanced body function.,4 oz,6.5,Carrier Oils,CARRIER OILS,,
4022344,541,Jojoba (Golden) Oil,Select Jojoba (Golden) Oil,Supports daily wellness & balanced body function.,4 oz,10.25,Carrier Oils,CARRIER OILS,,
4022551,542,Bergamot Essential Oil,Select Bergamot Essential Oil,Supports daily wellness & balanced body function.,1 oz,12.0,Essential Oils,ESSENTIAL OILS,,
4021231,543,Bug Shield Essential Oil,Select Bug Shield Essential Oil,Supports daily wellness & balanced body function.,1 oz,8.8,Essential Oils,ESSENTIAL OILS,,
4018281,544,Cedarwood (Himalayan) Essential Oil,Select Cedarwood (Himalayan) Essential Oil,Supports daily wellness & balanced body function.,1 oz,5.5,Essential Oils,ESSENTIAL OILS,,
4018291,545,Cinnamon Leaf Essential Oil,Select Cinnamon Leaf Essential Oil,Supports antioxidant wellness & healthy metabolic function.,1 oz,5.8,Essential Oils,ESSENTIAL OILS,,
4021161,546,Citronella Essential Oil,Select Citronella Essential Oil,Supports daily wellness & balanced body function.,1 oz,5.6,Essential Oils,ESSENTIAL OILS,,
4018301,547,Clove Essential Oil,Select Clove Essential Oil,Supports antioxidant & digestive wellness.,1 oz,7.35,Essential Oils,ESSENTIAL OILS,,
4021211,548,Energy Boost Essential Oil,Energy Boost Essential Oil,Supports daily wellness & balanced body function.,1 oz,8.4,Essential Oils,ESSENTIAL OILS,,
4021221,549,Essential Love Essential Oil,Select Essential Love Essential Oil,Supports daily wellness & balanced body function.,1 oz,13.0,Essential Oils,ESSENTIAL OILS,,
4021741,550,Essential Protect Essential Oil,Select Essential Protect Essential Oil,Supports antioxidant wellness & healthy metabolic function.,1 oz,8.4,Essential Oils,ESSENTIAL OILS,,
4018311,551,Eucalyptus Essential Oil,Select Eucalyptus Essential Oil,Supports daily wellness & balanced body function.,1 oz,5.0,Essential Oils,ESSENTIAL OILS,,
4018314,551,Eucalyptus Essential Oil,Select Eucalyptus Essential Oil,Supports daily wellness & balanced body function.,4 oz,9.45,Essential Oils,ESSENTIAL OILS,,
4021141,552,Frankincense (20% in Jojoba Oil) Essential Oil,Select Frankincense (20% in Jojoba Oil) Essential Oil,Supports joint comfort & a healthy inflammatory response.,1 oz,9.65,Essential Oils,ESSENTIAL OILS,,
4018321,553,Grapefruit (Pink) Essential Oil,Select Grapefruit (Pink) Essential Oil,Supports daily wellness & balanced body function.,1 oz,6.8,Essential Oils,ESSENTIAL OILS,,
4021191,554,Head Relief Essential Oil,Select Head Relief Essential Oil,Supports daily wellness & balanced body function.,1 oz,8.4,Essential Oils,ESSENTIAL OILS,,
4021131,555,Jasmine (7.5% in Jojoba Oil) Essential Oil,Select Jasmine (7.5% in Jojoba Oil) Essential Oil,Supports daily wellness & balanced body function.,1 oz,22.5,Essential Oils,ESSENTIAL OILS,,
4018331,556,Lavender Essential Oil,Select Lavender Essential Oil,Supports daily wellness & balanced body function.,1 oz,7.0,Essential Oils,ESSENTIAL OILS,,
4018334,556,Lavender Essential Oil,Select Lavender Essential Oil,Supports daily wellness & balanced body function.,4 oz,18.05,Essential Oils,ESSENTIAL OILS,,
4018341,557,Lavender (Bulgarian) Essential Oil,Select Lavender (Bulgarian) Essential Oil,Supports daily wellness & balanced body function.,1 oz,10.0,Essential Oils,ESSENTIAL OILS,,
4018351,558,Lemon Essential Oil,Select Lemon Essential Oil,Supports daily wellness & balanced body function.,1 oz,6.05,Essential Oils,ESSENTIAL OILS,,
4022541,559,Lemon Eucalyptus Essential Oil,Select Lemon Eucalyptus Essential Oil,Supports daily wellness & balanced body function.,1 oz,5.8,Essential Oils,ESSENTIAL OILS,,
4021151,560,Lemongrass Essential Oil,Select Lemongrass Essential Oil,Supports daily wellness & balanced body function.,1 oz,5.5,Essential Oils ,ESSENTIAL OILS,,
4022531,561,Lime Essential Oil,Select Lime Essential Oil,Supports daily wellness & balanced body function.,1 oz,7.3,Essential Oils,ESSENTIAL OILS,,
4022521,562,Neroli (7.5% in Jojoba Oil) Essential Oil,Select Neroli (7.5% in Jojoba Oil) Essential Oil,Supports daily wellness & balanced body function.,1 oz,15.0,Essential Oils,ESSENTIAL OILS,,
4018361,563,Orange (Sweet) Essential Oil,Select Orange (Sweet) Essential Oil,Supports daily wellness & balanced body function.,1 oz,5.2,Essential Oils,ESSENTIAL OILS,,
4018371,564,Oregano (40% in Olive Oil) Essential Oil,Select Oregano (40% in Olive Oil) Essential Oil,Supports daily wellness & balanced body function.,1 oz,15.75,Essential Oils,ESSENTIAL OILS,,
4018381,565,Patchouli Essential Oil,Select Patchouli Essential Oil,Supports daily wellness & balanced body function.,1 oz,15.0,Essential Oils,ESSENTIAL OILS,,
4018391,566,Peppermint Essential Oil,Select Peppermint Essential Oil,Supports daily wellness & balanced body function.,1 oz,8.5,Essential Oils,ESSENTIAL OILS,,
4018394,566,Peppermint Essential Oil,Select Peppermint Essential Oil,Supports daily wellness & balanced body function.,4 oz,24.0,Essential Oils,ESSENTIAL OILS,,
4021181,567,Rose (5% in Jojoba Oil) Essential Oil,Select Rose (5% in Jojoba Oil) Essential Oil,Supports daily wellness & balanced body function.,1 oz,16.3,Essential Oils,ESSENTIAL OILS,,
4021121,568,Rose Geranium Essential Oil,Select Rose Geranium Essential Oil,Supports daily wellness & balanced body function.,1 oz,12.0,Essential Oils,ESSENTIAL OILS,,
4018401,569,Rosemary Essential Oil,Select Rosemary Essential Oil,Supports daily wellness & balanced body function.,1 oz,8.75,Essential Oils,ESSENTIAL OILS,,
4021171,570,Sage Essential Oil,Select Sage Essential Oil,Supports daily wellness & balanced body function.,1 oz,9.6,Essential Oils,ESSENTIAL OILS,,
4021111,571,Sandalwood (16% in Jojoba Oil) Essential Oil,Select Sandalwood (16% in Jojoba Oil) Essential Oil,Supports daily wellness & balanced body function.,1 oz,27.3,Essential Oils,ESSENTIAL OILS,,
4021201,572,Sleep Dream Essential Oil,Rest & Sleep Support,Supports relaxation & restful sleep.,1 oz,8.8,Essential Oils,ESSENTIAL OILS,,
4022511,573,Spearmint Essential Oil,Select Spearmint Essential Oil,Supports daily wellness & balanced body function.,1 oz,7.35,Essential Oils,ESSENTIAL OILS,,
4022501,574,Tangerine Essential Oil,Select Tangerine Essential Oil,Supports daily wellness & balanced body function.,1 oz,6.0,Essential Oils,ESSENTIAL OILS,,
4018411,575,Tea Tree (Australian) Essential Oil,Select Tea Tree (Australian) Essential Oil,Supports daily wellness & balanced body function.,1 oz,6.95,Essential Oils,ESSENTIAL OILS,,
4018414,575,Tea Tree (Australian) Essential Oil,Select Tea Tree (Australian) Essential Oil,Supports daily wellness & balanced body function.,4 oz,18.4,Essential Oils,ESSENTIAL OILS,,
4018421,576,Ylang Ylang Essential Oil,Select Ylang Ylang Essential Oil,Supports daily wellness & balanced body function.,1 oz,13.0,Essential Oils,ESSENTIAL OILS,,
4022231,577,Organic Eucalyptus Essential Oil,Select Organic Eucalyptus Essential Oil,Supports daily wellness & balanced body function.,1 oz,7.0,Essential Oils- Organic,ESSENTIAL OILS,,
4022241,578,Organic Lavender Essential Oil,Select Organic Lavender Essential Oil,Supports daily wellness & balanced body function.,1 oz,12.5,Essential Oils- Organic,ESSENTIAL OILS,,
4022251,579,Organic Lemon Essential Oil,Select Organic Lemon Essential Oil,Supports daily wellness & balanced body function.,1 oz,7.5,Essential Oils- Organic,ESSENTIAL OILS,,
4022261,580,Organic Orange Essential Oil,Select Organic Orange Essential Oil,Supports daily wellness & balanced body function.,1 oz,5.9,Essential Oils- Organic,ESSENTIAL OILS,,
4022271,581,Organic Peppermint Essential Oil,Select Organic Peppermint Essential Oil,Supports daily wellness & balanced body function.,1 oz,9.35,Essential Oils- Organic,ESSENTIAL OILS,,
4022561,582,Organic Rosemary Essential Oil,Select Organic Rosemary Essential Oil,Supports daily wellness & balanced body function.,1 oz,10.0,Essential Oils- Organic,ESSENTIAL OILS,,
4022281,583,Organic Tea Tree Essential Oil,Select Organic Tea Tree Essential Oil,Supports daily wellness & balanced body function.,1 oz,9.6,Essential Oils- Organic,ESSENTIAL OILS,,
4005631,584,Arnica Oil,Select Arnica Oil,Supports daily wellness & balanced body function.,1 oz,10.0,Herbal Oils,HERBAL OILS (alcohol-free),,
4022454,585,Organic Black Cumin Seed Oil,Nigella Black Cumin Seed Oil,Supports daily wellness & balanced body function.,4 oz,12.0,Herbal Oils,HERBAL OILS (alcohol-free),,
4022455,585,Organic Black Cumin Seed Oil,Nigella Black Cumin Seed Oil,Supports daily wellness & balanced body function.,8 oz,20.25,Herbal Oils,HERBAL OILS (alcohol-free),,
4020121,586,Canker Soother W/ Oregano Oil,Select Canker Soother W/ Oregano Oil,Supports antioxidant & digestive wellness.,1 oz,9.35,Herbal Oils,HERBAL OILS (alcohol-free),,
4005401,587,Ear Clear Oil,Select Ear Clear Oil,Supports daily wellness & balanced body function.,1 oz,7.55,Herbal Oils,HERBAL OILS (alcohol-free),,
4020131,588,Funky Feet W/ Oregano Oil,Select Funky Feet W/ Oregano Oil,Supports antioxidant & digestive wellness.,1 oz,11.0,Herbal Oils,HERBAL OILS (alcohol-free),,
4020141,589,Healthy Gums W/ Oregano Oil,Select Healthy Gums W/ Oregano Oil,Supports antioxidant & digestive wellness.,1 oz,8.8,Herbal Oils,HERBAL OILS (alcohol-free),,
4020151,590,Healthy Nails W/ Oregano Oil,Select Healthy Nails W/ Oregano Oil,Supports antioxidant wellness & healthy metabolic function.,1 oz,11.0,Herbal Oils,HERBAL OILS (alcohol-free),,
4012241,591,Tea Tree Oil,Select Tea Tree Oil,Supports daily wellness & balanced body function.,1 oz,6.95,Herbal Oils,HERBAL OILS (alcohol-free),,
4023734,592,Cordyceps Powder,Mycelial Cordyceps,"Supports immune wellness, resilience & vitality.",2.8 oz,12.0,Herbal Powder,HERBAL POWDERS,,
4023644,593,Organic Chaga Powder,Full Spectrum Organic Chaga Powder,"Supports immune wellness, resilience & vitality.",2.8 oz,12.0,Herbal Powder,HERBAL POWDERS,,
4022834,594,Organic Irish Moss Thallus Powder ,Full Spectrum Organic Irish Moss Thallus Powder,Supports daily wellness & balanced body function.,4 oz,11.5,Herbal Powder,HERBAL POWDERS,,
4023624,595,Organic Lion's Mane Powder,Hericium Lion's Mane,"Supports memory, focus & cognitive wellness.",2.8 oz,12.0,Herbal Powder,HERBAL POWDERS,,
4020774,596,Organic Maca Root Powder,Andean Maca,Supports eye & antioxidant wellness.,4 oz,8.75,Herbal Powder ,HERBAL POWDERS,,
4023654,597,Organic Reishi Powder,Ganoderma Reishi,"Supports immune wellness, resilience & vitality.",2.8 oz,12.0,Herbal Powder,HERBAL POWDERS,,
4023634,598,Organic Turkey Tail Powder,Trametes Turkey Tail,Supports daily wellness & balanced body function.,2.8 oz,12.0,Herbal Powder,HERBAL POWDERS,,
4020994,599,Organic Turmeric Root Powder,Full Spectrum Organic Turmeric Root Powder,Supports joint comfort & a healthy inflammatory response.,4 oz,6.5,Herbal Powder ,HERBAL POWDERS,,
9909861,600,Amber Bottle w/ Dropper,Select Amber Bottle w/ Dropper,"Supports quality packaging component for convenient storage, dispensing & presentation of compatible RHL products.",1 oz,1.8,Empty Bottle,EMPTY BOTTLES,,
9909862,600,Amber Bottle w/ Dropper,Select Amber Bottle w/ Dropper,"Supports quality packaging component for convenient storage, dispensing & presentation of compatible RHL products.",2 oz,2.0,Empty Bottle,EMPTY BOTTLES,,
9909864,600,Amber Bottle w/ Dropper,Select Amber Bottle w/ Dropper,"Supports quality packaging component for convenient storage, dispensing & presentation of compatible RHL products.",4 oz,2.45,Empty Bottle,EMPTY BOTTLES,,
9909871,601,Amber Bottle w/ Spray Top,Select Amber Bottle w/ Spray Top,"Supports quality packaging component for convenient storage, dispensing & presentation of compatible RHL products.",1 oz,2.1,Empty Bottle,EMPTY BOTTLES,,
9909872,601,Amber Bottle w/ Spray Top,Select Amber Bottle w/ Spray Top,"Supports quality packaging component for convenient storage, dispensing & presentation of compatible RHL products.",2 oz,2.3,Empty Bottle,EMPTY BOTTLES,,
9909874,601,Amber Bottle w/ Spray Top,Select Amber Bottle w/ Spray Top,"Supports quality packaging component for convenient storage, dispensing & presentation of compatible RHL products.",4 oz,3.0,Empty Bottle,EMPTY BOTTLES,,
9909881,602,Cobalt Bottle w/ Dropper,Select Cobalt Bottle w/ Dropper,"Supports quality packaging component for convenient storage, dispensing & presentation of compatible RHL products.",1 oz,1.9,Empty Bottle,EMPTY BOTTLES,,
9909882,602,Cobalt Bottle w/ Dropper,Select Cobalt Bottle w/ Dropper,"Supports quality packaging component for convenient storage, dispensing & presentation of compatible RHL products.",2 oz,2.1,Empty Bottle,EMPTY BOTTLES,,
9909884,602,Cobalt Bottle w/ Dropper,Select Cobalt Bottle w/ Dropper,"Supports quality packaging component for convenient storage, dispensing & presentation of compatible RHL products.",4 oz,2.65,Empty Bottle,EMPTY BOTTLES,,
9909891,603,Cobalt Bottle w/ Spray Top,Select Cobalt Bottle w/ Spray Top,"Supports quality packaging component for convenient storage, dispensing & presentation of compatible RHL products.",1 oz,2.2,Empty Bottle,EMPTY BOTTLES,,
9909892,603,Cobalt Bottle w/ Spray Top,Select Cobalt Bottle w/ Spray Top,"Supports quality packaging component for convenient storage, dispensing & presentation of compatible RHL products.",2 oz,2.4,Empty Bottle,EMPTY BOTTLES,,
9909894,603,Cobalt Bottle w/ Spray Top,Select Cobalt Bottle w/ Spray Top,"Supports quality packaging component for convenient storage, dispensing & presentation of compatible RHL products.",4 oz,3.3,Empty Bottle,EMPTY BOTTLES,,
9909921,604,10ml Cobalt Perfume Bottle with Roller Ball and Cap,Select 10ml Cobalt Perfume Bottle with Roller Ball and Cap,"Supports quality packaging component for convenient storage, dispensing & presentation of compatible RHL products.",10 mL,2.75,Empty Bottle,EMPTY BOTTLES,,
9909914,605,Cobalt PET Bottle with Lotion Pump,Select Cobalt PET Bottle with Lotion Pump,"Supports quality packaging component for convenient storage, dispensing & presentation of compatible RHL products.",4 oz,3.1,Empty Bottle,EMPTY BOTTLES,,
9909904,606,Clear Jar with Lid,Select Clear Jar with Lid,"Supports quality packaging component for convenient storage, dispensing & presentation of compatible RHL products.",4 oz,2.75,Empty Bottle,EMPTY BOTTLES,,
4019980,607,"Herbal Handbook, Clinical Monographs From A Medical Herbalist",Select Herbal Reference Handbook,"Supports practical herbal reference resource for educational use, ingredient review & traditional botanical study.",EA,0.0,Literature,LITERATURE,,
